Artista,Biografia,Listeners,Playcount,Artistas Similares
Bracket,"There are two artists which use this name:
1. A punk band from the United States
2. A rap group from Nigeria

1. Bracket is a melodic punk band from Forestville, California, originally signed to Caroline Records. Their original, smooth sound led them to associate with Fat Wreck Chords, producing several albums and EPs. In 2006, they debuted Requiem through Takeover Records.

2. Bracket is a hiphop duo from Nigeria. Yori Yori is a hit from their album Yori Yori. Yori Yori means happiness, it describes a positive feeling. <a href=""https://www.last.fm/music/Bracket"">Read more on Last.fm</a>",70440,806167,Frenzal Rhomb
The Decline,"For the French punk band, see The Decline!.

punk rock from Perth, Western Australia
The Decline are a 90s style skate punk band from Perth, Western Australia. They formed in 2006 are heavily influenced by the likes of Frenzal Rhomb, NOFX, Lagwagon, Descendents, Less Than Jake & Propagandhi.

OR

Hardcore from doylestown, PA

OR

punk band form Essex, UK

OR 

hardcore/punk band from Saskatoon, Canada <a href=""https://www.last.fm/music/The+Decline"">Read more on Last.fm</a>",20624,428791,Chaser
Strung Out,"
Strung Out is a punk rock band from Simi Valley, California, USA, formed in 1992. They are known mainly for their musical style, which fuses aspects of punk rock and metal to form their primary sound. They have released nine albums on Fat Wreck Chords and appeared on numerous compilations and skate/surf videos. They have played on the Warped Tour and continue to tour internationally.

The original lineup consisted of vocalist Jason Cruz, guitarists Jake Kiley and Rob Ramos, bassist Jim Cherry and drummer Adam Austin. <a href=""https://www.last.fm/music/Strung+Out"">Read more on Last.fm</a>",343324,9032652,Good Riddance
Satanic Surfers,"First off, some history: Satanic Surfers played a major part in the Swedish melodic punk explosion that took place in the mid nineties. Combining strong melodies and fast paced punk with both personal and political lyrics, the band soon reached audiences all over the world. Early influences include bands such as SNFU, RKL and The Misfits. The band was originally founded by Rodrigo and Erik in high school back in 1989 in Lund, Sweden. After having gone through the usual line-up changes during its formative years <a href=""https://www.last.fm/music/Satanic+Surfers"">Read more on Last.fm</a>",124931,2784048,No Fun at All
Los Chickléts," <a href=""https://www.last.fm/music/Los+Chickl%C3%A9ts"">Read more on Last.fm</a>",505,2100,Skapital Sound
Bite Me Bambi,"Hailing from Southern California, Bite Me Bambi brings sounds reminiscent of British 2 Tone and 3rd wave ska into the 21st century. With energetic songs and pedigree musicianship, BMB gets the crowd on their feet and dancing. Comprised of members from some of your favorite ska bands (My Superhero, Save Ferris, Starpool). This new group breathes fresh life to a genre that may have originated in Jamaica, and honed in Britain, but perfected in the haze, blight, glamour, and beauty of the Southland.

https://www.bitemebambi.com/ <a href=""https://www.last.fm/music/Bite+Me+Bambi"">Read more on Last.fm</a>",4743,63050,Backyard Superheroes
King Punch,"King Punch are a lively 7-piece ska-punk band hailing from London, England. Known for their energetic live shows, they are equally at home smashing together a blend of ska, punk, hard rock and swing in crushed London clubs or up on big festival stages - either way, everyone's going to be going home sweaty and happy. <a href=""https://www.last.fm/music/King+Punch"">Read more on Last.fm</a>",1046,10081,Hooray for Our Side
The Offenders,"1)  Italian 2Tone/Ska/Skinhead Reggae band formed in 2005 in Cosenza – Italy by vocalist/songwriter Valerio (as drummer in that time), The Offenders became popular in their local scene after the release of “Rudeboys In A Dancefloor” in February 2006. Many months later, their second single “Hooligan Reggae” gave them the chance to sign for the German label Conehead Records, on which they released their first full length in November 2007. <a href=""https://www.last.fm/music/The+Offenders"">Read more on Last.fm</a>",15550,274937,The Valkyrians
Das Lumpenpack," <a href=""https://www.last.fm/music/Das+Lumpenpack"">Read more on Last.fm</a>",30901,968987,Provinz
88 Fingers Louie,"88 Fingers Louie is a band from Chicago, Illinois which was formed in 1993. They play a style of hardcore punk, melodic hardcore, and punk rock. In 1993 they released their debut 7"", Go Away. They released several albums, their last effort being a split album with Kid Dynamite. After disbanding in 1999, members Joe Principe and Dan Wleklinski went on to form punk rock band Rise Against. Denis Buckley currently sings in melodic hardcore band Explode and Make Up.  <a href=""https://www.last.fm/music/88+Fingers+Louie"">Read more on Last.fm</a>",142544,2001548,Good Riddance
Kill Lincoln,"Kill Lincoln is a ska/punk band based in Washington, DC.  They have opened for such acts as Streetlight Manifesto, Westbound Train, Reel Big Fish, Less than Jake, Big D & The Kids Table, The Pietasters, The Slackers, and The Aggrolites. They look forward to playing your bar/basement/backyard in the future.  Current members include Mike Sosinski, Matt ""Food"" Ellis, Tyler Rodgers, Drew Skibitsky, Yasutaka Umemoto, CJ Uy <a href=""https://www.last.fm/music/Kill+Lincoln"">Read more on Last.fm</a>",21183,494734,We Are the Union
Masked Intruder,"Straight outa Rikers. Straight outa Cook County, straight outa that prison in Louisiana that everyone says is horrible, but I can’t be bothered to Google, it’s MASKED INTRUDER, four melodious felons in ski masks with rap sheets, matching converse and some of the catchiest tunes this side of Johnny Cash, Live in Folsom Prison, and they’re coming at you with their second full length, the semi eponymously titled M.I., scheduled to break out on Fat Wreck Chords on May 27, 2014.  <a href=""https://www.last.fm/music/Masked+Intruder"">Read more on Last.fm</a>",52944,1819495,Teenage Bottlerocket
Hot Water Music,"Hot Water Music is a Gainesville, Florida punk outfit known for Chuck Ragan and Chris Wollard's raspy vocals, as well as their searing Jawbreaker-esque guitars on earlier albums. The act first formed in 1993, and their first record, Finding the Rhythms, was released on No Idea and Toy Box records. Many fans commonly refer to Hot Water Music as the abbreviation, HWM. The name Hot Water Music comes from a Charles Bukowski book.

HWM recorded an album with their good friends and mentors Leatherface for the first volume of the BYO split series. <a href=""https://www.last.fm/music/Hot+Water+Music"">Read more on Last.fm</a>",333796,14063677,The Draft
La Fúmiga," <a href=""https://www.last.fm/music/La+F%C3%BAmiga"">Read more on Last.fm</a>",6441,248001,Figa Flawas
Los Enanitos Verdes,"The band started in 1984, with Marciano Cantero (bass guitar, keyboards and vocals), Felipe Staiti (guitar) and Daniel Piccolo drums. That same year, they performed throughout the Cuyo region. Later they traveled to Buenos Aires to record a demo, with unusable results that were never released. In spite of this failure, they continued doing shows in Mendoza and in Buenos Aires.

In 1984 the band added two new members: Sergio Embroni (guitar and vocals) and Tito Dávila (keyboard). <a href=""https://www.last.fm/music/+noredirect/Los+Enanitos+Verdes"">Read more on Last.fm</a>",241745,5046015,
Hooray for Our Side,"Hooray for Our Side, sometimes abbreviated to H4OS, is a ska punk band based in Orange County, California, that formed in 2010. The current lineup consists of Evan Wohrman on lead vocals, Joe Cooper on lead guitar, Joey Crisci on bass guitar, Drew Pedersen on trombone, Hoser Rodriguez on drums, and Ian Beebe on keyboards and baritone sax.

H4OS was formed by Nikki Klein, Peter Stoia, and Evan Wohrman following their departure from Orange County ska band Time to Renew in November 2010. <a href=""https://www.last.fm/music/Hooray+for+Our+Side"">Read more on Last.fm</a>",1968,21107,The B Sharps
The Bouncing Souls,"The Bouncing Souls is a punk band, formed in 1987. They are originally from New Brunswick, New Jersey. By the time they were recognized by the national punk scene, they had reignited a ""pogo"" element to New Jersey punk rock by playing fast light-hearted songs, a model followed by various other local bands (e.g. Blanks 77 and the Bristles). In the early stages of their career, they played a hybrid of punk, funk, metal, and just about anything else they felt like including. <a href=""https://www.last.fm/music/The+Bouncing+Souls"">Read more on Last.fm</a>",514043,14024854,Face to Face
Pulley,"Pulley is a Southern California punk rock formed in 1994. The band is known for straight-forward, hard-edged melodic punk. Pulley was formed upon vocalist Scott Radinsky's departure from Ten Foot Pole, brought about by that band's desire for a singer with a full-time focus on music (Radinsky is also a famous major-league relief pitcher and has played for the Los Angeles Dodgers among others). Pulley's initial lineup included drummer Jordan Burns, guitarist Jim Cherry, guitarist Mike Harder, and former Face to Face bassist Matt Riddle. <a href=""https://www.last.fm/music/Pulley"">Read more on Last.fm</a>",179430,2720671,Ten Foot Pole
10-FEET,"Officially formed in Kyoto 2000, 10-FEET's members had made their first work (a demo tape) in 1997.  Formed as ex-members from several of the local Kyoto bands, each member brought a different style to the mix.  10-FEET had formed several connections in Kyoto that would show up later, as compilations with several artists from Kyoto (Ayano Tsuji and Kenji from DRAGON ASH for example).  Known for their lack of a single genre and their extremely powerful live performances, they stay relatively low on the mainstream's radar. <a href=""https://www.last.fm/music/10-FEET"">Read more on Last.fm</a>",59390,1648316,ELLEGARDEN
The Skints,"The Skints are a reggae/dub/punk fusion band from London, United Kingdom. Since 2008 the band have toured extensively, playing hundreds of shows, supporting bands that include Sublime with Rome, Less Than Jake, The Slackers, Gogol Bordello and Bedouin Soundclash.

http://en.wikipedia.org/wiki/The_Skints <a href=""https://www.last.fm/music/The+Skints"">Read more on Last.fm</a>",60037,1568305,Gentleman's Dub Club
The Specials,"The Specials (also known as The Special AKA) is an English “2 Tone” ska revival band  formed in 1977 in Coventry, England. Their music combines a danceable ska beat with punk’s energy, underpinned by an informed political and social stance. 

The group was formed by songwriter/keyboardist Jerry Dammers, with Terry Hall (vocals), Lynval Golding (guitar, vocals) and a rhythm section featuring Horace Panter (bass) and John Bradbury (drums; born 16 February 1953, died 28 December 2015). <a href=""https://www.last.fm/music/The+Specials"">Read more on Last.fm</a>",978662,16156922,The Selecter
Snuff,"There is more than one artist with this name:

1) Snuff are a British band formed in London, UK in 1986 who primarily play punk rock, but have also veered off into Dub and Ska at times. Their name reportedly came about after a long discussion about names ended up with one of them claiming 'That's Enough', which was then shortened to Snuff. The original line up was Duncan Redmonds on drums and vocals, Simon Wells on guitar and vocals, and Andy Crighton on bass and vocals. <a href=""https://www.last.fm/music/Snuff"">Read more on Last.fm</a>",90952,1514581,Good Riddance
The Aquabats!,"The Aquabats are a musical ensemble from Huntington Beach, California formed in 1994 known for their humorous lyrics and outrageous live shows, during which the band is often attacked by supervillains onstage.

Starting as a parody of the booming third-wave ska scene in Southern California (their first show, reportedly, was played with fourteen members, at least half of which were wielding horns), The Aquabats played third-wave ska with a surfy, b-movie-esque <a href=""https://www.last.fm/music/+noredirect/The+Aquabats%21"">Read more on Last.fm</a>",81903,1651521,
Rude Tins,"Lineup

Thomas Eichmann / Vocals
Claudia Widmer / Alto-Sax / Keys / Backing Vocals
Raphael Grüter / Tenor-Sax
Yves Jung / Trumpet
Christian Steiner / Trombone
Yves Blösche / Guitar
Fabian Arnold / Bass
Jonas Oeschger / Drums


Biographie

2002 Im Frühling beginnen Thomas Eichmann (Gitarre und Gesang) und Fabian Arnold (Bass) mit ersten Proben und der Suche nach weiteren Musikern. Im Sommer stösst Jonas Oeschger (Schlagzeug) zur Band. Das Repertoire besteht zu dieser Zeit aus Coversongs im Punk- und Rockbereich. <a href=""https://www.last.fm/music/Rude+Tins"">Read more on Last.fm</a>",6143,42189,Just Say Nay
Face to Face,"There are at least four artists named Face To Face:

1) Face to Face is a punk rock band from California. Formed in 1991, the group was initially signed by Dr. Strange Records, later moving to Fat Wreck Chords. Their first big hit ""Disconnected"" was played by KROQ and appeared in the movies Tank Girl and National Lampoon's Senior Class Trip. Their song ""Devil You Know (God is a Man)"" appeared in an episode of Buffy the Vampire Slayer (Season 1) and on the accompanying series soundtrack album. <a href=""https://www.last.fm/music/Face+to+Face"">Read more on Last.fm</a>",299818,6209506,Lagwagon
Hans Gruber And The Die Hards,"Ska punk band from Texas <a href=""https://www.last.fm/music/Hans+Gruber+And+The+Die+Hards"">Read more on Last.fm</a>",3568,70065,Young Costello
Joe Vasconcellos,"José Manuel Yáñez Meira de Vasconcellos, known as Joe Vasconcellos, is a singer and composer born in Santiago, Chile on March 9, 1959, to a chilean mother and brazilian father. He developed a unique latin american fusion borne out of a life of traveling, dominated by latin and brazilian rhythms. Songs like Huellas and Hijo del Sol Luminoso (written while he played as part of the band Congreso) became hits from the beginning. In his eclecticism, his music still breathes from the roots of the local traditional chilean music. <a href=""https://www.last.fm/music/Joe+Vasconcellos"">Read more on Last.fm</a>",57448,875258,Chico Trujillo
The Menzingers,"The Menzingers originally formed after the dissolution of Bob And The Sagets, a band local to the Scranton/Wilkes-Barre area of Pennsylvania. With the addition of Greg Barnett the band recorded a demo/self-released album ""A Lesson In The Abuse Of Information Technology"" in 2006.

Shortly thereafter they were signed by Go-Kart Records and re-recorded the songs from ""A Lesson"" and re-released their album with the addition of some new tracks.

At the Fest VII in Gainesville <a href=""https://www.last.fm/music/The+Menzingers"">Read more on Last.fm</a>",233414,15282594,Spanish Love Songs
The Paranoias," <a href=""https://www.last.fm/music/The+Paranoias"">Read more on Last.fm</a>",2861,28425,Los Shadows
Big D And The Kids Table,"Big D and the Kids Table is a third-wave ska/punk band formed in October 1995 in Allston Village, Boston, Massachusetts signed to Springman Records. Members of Big D ... also run the Boston, Massachusetts area record label, Fork In Hand Records, which has released numerous albums from Big D ... and other local Boston artists. Their music often reflects member's personal lives, especially the financial difficulties that many members have faced in the past. <a href=""https://www.last.fm/music/Big+D+And+The+Kids+Table"">Read more on Last.fm</a>",301056,6463941,Mustard Plug
Tiger Army,"Tiger Army is a psychobilly band from California. They have a very devoted following, as evidenced by the hundreds of photos of Tiger Army-related tattoos that can be found on the band's MySpace page and website. Their fourth album Music From Regions Beyond spawned the band’s first radio single, “Forever Fades Away,” which went to #1 on L.A.’s influential KROQ FM. The video for the track was seen on MTV2 and Fuse TV.
 
Tiger Army played their first show in 1996 at the Bay Area’s legendary punk collective <a href=""https://www.last.fm/music/Tiger+Army"">Read more on Last.fm</a>",223533,7757466,Nekromantix
The Planet Smashers,"Formed in 1994 in Montreal, Quebec, the Planet Smashers’ infectious pop infused melodies, rippin’ horn licks and killer live shows, quickly established them as the city’s “Kings of Ska”. They released their first album (“Self-Titled”) on Planet Smasher’s founder Matt Collyer’s own label STOMP Records and hit the road. By 1997 they were no longer a local band, but a national phenomenon, headlining shows across Canada and pushing their second record <a href=""https://www.last.fm/music/The+Planet+Smashers"">Read more on Last.fm</a>",153039,2784091,Big D And The Kids Table
panteon rococo," <a href=""https://www.last.fm/music/+noredirect/panteon+rococo"">Read more on Last.fm</a>",48565,967753,
Kameleba,"La génesis de esta banda de roots reggae se remonta al año 2000. Es en la ciudad de Villa Mercedes, San Luis en donde un trío de amigos (Loli Folch, Sergio Barroso y Fabri Mena) comienza a hacer canción su gran pasión por los ritmos jamaicanos. Ya en el 2001 la agrupación hace su debut en su ciudad natal en un acto recordatorio a los desaparecidos de la dictadura de años setenta.

En ese mismo año el grupo es convocado a participar en el "" festival nacional de la gorra "" <a href=""https://www.last.fm/music/Kameleba"">Read more on Last.fm</a>",17983,247555,Riddim
Five State Drive," <a href=""https://www.last.fm/music/Five+State+Drive"">Read more on Last.fm</a>",1892,16280,Kuzira
OMNIGONE,"OMNIGONE is Adam Davis (LINK 80, DESA, GNARBOOTS) with a rotating line-up of ex-bandmates & close friends. <a href=""https://www.last.fm/music/OMNIGONE"">Read more on Last.fm</a>",4448,83436,JOYstick!
Be Like Max," <a href=""https://www.last.fm/music/Be+Like+Max"">Read more on Last.fm</a>",5463,88165,Backyard Superheroes
TOMMY TORNADO," <a href=""https://www.last.fm/music/TOMMY+TORNADO"">Read more on Last.fm</a>",3242,22475,Carlos Dingo
The Interrupters,"The Interrupters are an American ska punk band formed in Los Angeles, California, in 2011. The band comprises lead vocalist Aimee Interrupter, drummer Jesse Bivona, bassist Justin Bivona, and guitarist Kevin Bivona. They have released four studio albums. The latest, In the Wild, was released in 2022, along with the album's lead single, ""Raised by Wolves"" <a href=""https://www.last.fm/music/The+Interrupters"">Read more on Last.fm</a>",185225,4643877,Rancid
The Holophonics,"Eric Daino - Vocals, Guitar, Organ
Harrell Petersen - Vocals, Trumpet
Shane Robert Reider - Trombone
Tyler Waguespack - Bass
Will Huebner - Drums
Brian Handeland - Saxophones 

We play all the songs you love and all the songs you hate! Because every song sounds better as Ska and we intend to make you skank all night long! <a href=""https://www.last.fm/music/The+Holophonics"">Read more on Last.fm</a>",10956,171997,The Planet Smashers
Stop the Presses,"Hialeah, FL ska/reggae/rocksteady. New EP ""Eskandalo"" out now, full US tour March 2014. Ruuuuuuuude. https://www.facebook.com/StopThePressesMusic <a href=""https://www.last.fm/music/Stop+the+Presses"">Read more on Last.fm</a>",1918,16877,Hans Gruber And The Die Hards
Inspector,"There are 2 bands with this name:

1. Mexican ska revival ensemble Inspector comprises singer Javier Sánchez aka Big Javi, drummer David Martínez aka Tribi, bassist Arnoldo Ortega aka Lolo, sax players Jaime González aka Jimmy and Jesús Arriaga aka Padrino, guitarist Alejandro Ortega aka Güero, keyboardist Homero Ontiveros aka Marango and trumpeter Jesús Lemo. The band debuted in 1995 with the independently produced Misión Ska, featuring five original songs. <a href=""https://www.last.fm/music/Inspector"">Read more on Last.fm</a>",109093,1655016,Panteón Rococó
Good Riddance,"Good Riddance (sometimes abbreviated GR) is a punk rock band from Santa Cruz, California. They released seven full-length studio albums on Fat Wreck Chords, and their final album was a live recording of their farewell concert in 2007. Led by vocalist Russ Rankin, the band's longtime lineup included guitarist Luke Pabich, bassist Chuck Platt, and drummer Sean ""SC"" Sellers. Their sound was influenced by the hardcore punk scene and the band was known for their combination of fast punk with catchy melodies. <a href=""https://www.last.fm/music/Good+Riddance"">Read more on Last.fm</a>",245832,5799345,No Use for a Name
Riskee & The Ridicule," <a href=""https://www.last.fm/music/Riskee+&+The+Ridicule"">Read more on Last.fm</a>",6583,98669,The Bar Stool Preachers
Codename Colin,"Codename Colin are a six piece Ska Punk band from Hertfordshire. Originally formed by frontman Charlie Gabriel in 2012 and reformed in 2016 with a new solid line up.
Codename Colin have spent the last year and a half bringing their energetic live show to crowds around the UK, in only a way a ska punk band can, with catchy beats and melodies and impressive Sax driven hooks.
September 2017 marks the release of debut EP 'Outgunned' a 7 track throwback to the 90's third wave of ska. <a href=""https://www.last.fm/music/Codename+Colin"">Read more on Last.fm</a>",3941,29190,Just Say Nay
Los Cafres,"Los Cafres is an Argentine reggae band, formed in late 1987. The group achieved popular recognition in the mid-1990s, with the release of their first album, Frecuencia Cafre. The term «cafre» comes from the Arabic adjective ""kafir"", which in the first instance means ""unfaithful"" and which later changed its meaning towards ""brutal to the highest degree""; meaning of the term with which the band chooses to identify itself. <a href=""https://www.last.fm/music/Los+Cafres"">Read more on Last.fm</a>",169545,2982208,Nonpalidece
Stranger Cole,"Stranger Cole was born Wilburn Theodore Cole in 1945 in Kingston, Jamaica, receiving the nickname “Stranger” because he resembled no one else in his family.

Cole began his recording career with producer Duke Reid, scoring a hit with his 1962 debut, “Rough & Tough,” a full-tilt ska number with a wild harmonica solo. His Louis Jordan revival song, “Run Joe,” was a hit in 1965, and featured members of the Techniques on harmony vocals.

 <a href=""https://www.last.fm/music/Stranger+Cole"">Read more on Last.fm</a>",53190,250781,The Gaylads
Ten Foot Pole,"Ten Foot Pole was founded in 1983 as Scared Straight.

Scared Straight was a punk band from Simi Valley, California. The band was formed in 1983 by a group of friends and was originally called S.O.F. Original members were Scott Radinsky, Mike Thompson, Gary Gallanes and Dennis Jagard, who started the band to enter a ""Battle of the Bands"" competition at a local skate rink. After going through several members and name changes, they began playing with some ""Nardcore"" bands from nearby Oxnard, California, which helped them gain recognition. <a href=""https://www.last.fm/music/Ten+Foot+Pole"">Read more on Last.fm</a>",133627,1450622,Pulley
"Bad Cop, Bad Cop","Incorrect Spotify formatting for Bad Cop/Bad Cop.  <a href=""https://www.last.fm/music/Bad+Cop,+Bad+Cop"">Read more on Last.fm</a>",24988,502534,JOYstick!
Los Skagaleros," <a href=""https://www.last.fm/music/Los+Skagaleros"">Read more on Last.fm</a>",1216,8221,Alla Spina
The Magnetics," <a href=""https://www.last.fm/music/The+Magnetics"">Read more on Last.fm</a>",3201,24701,Es-Feiv
Los Caligaris,"Los Caligaris es una banda de Rock formada en Córdoba, caracterizada por la fusión de géneros como el Ska, el Cuarteto, la cumbia, el reggae, etc. Tuvo sus orígenes en 1997, fundada por los hermanos Martin y Diego Pampiglione, fueron modificando su formación hasta la edición de su primer disco titulado ""Yernos Perfectos"" editado en el año 2002, en el cual incluyeron una canción que los llevaría a la popularidad, primero en la provincia y después en toda la Argentina, ""Nadie es perfecto"". <a href=""https://www.last.fm/music/Los+Caligaris"">Read more on Last.fm</a>",58447,1295846,Inspector
K-Man & The 45s," <a href=""https://www.last.fm/music/K-Man+&+The+45s"">Read more on Last.fm</a>",3741,16168,Rude Tins
La Tremenda Korte,"La Tremenda Korte, homologo del popular programa de la radio Cubana con su clasico personaje Tres Patines, es uno de los grupos mas solidos y duraderos que salieron del movimiento Ska chilango de los años 90. Con el tiempo han madurado como musicos...a tal grado que la exclusiva disquera ""Opcion"" les produjo este album y tambien han participado en importantes festivales culturales come el Afrocaribeno Veracruz 2001. Aun pretenden mantener la enigma de ser banda del underground. <a href=""https://www.last.fm/music/La+Tremenda+Korte"">Read more on Last.fm</a>",10650,156001,Nana Pancha
Tokyo Ska Paradise Orchestra,"In the late 1980s, there was a band executing countless lives on streets and clubs of Tokyo…, their　name is TOKYO SKA PARADISE ORCHESTRA. Their dynamic yet absolute performance drew growing audiences, and so releases the first 12' vinyl record ""TOKYO SKA PARADISE ORCHESTRA"" from an indie label in 1989. The following year, gaining more and more fans, they make a major debut by the single ""MONSTER ROCK,"" and its recorded album ""SUKAPARA TOU-JYO. <a href=""https://www.last.fm/music/+noredirect/Tokyo+Ska+Paradise+Orchestra"">Read more on Last.fm</a>",37658,541380,
Out of Control Army," <a href=""https://www.last.fm/music/Out+of+Control+Army"">Read more on Last.fm</a>",5064,36055,Skapital Sound
King Prawn,"King Prawn were a prominent band of the UK ska punk scene during the 90's and early 2000's, their name is derived from the 'porn industry term given for the action of spitting on your partner's arsehole for lubrication before anal sex'. King Prawn were viewed as one of the most innovative bands of this period, blending elements of punk, hardcore, metal, ska, dub, reggae, and hip hop into their music, which they dubbed wildstyle.

Since the London band's formation in 1993 <a href=""https://www.last.fm/music/King+Prawn"">Read more on Last.fm</a>",33727,526949,Random Hand
Down By Law,"Punk rock band formed in 1989 by former All, DYS and Dag Nasty frontman Dave Smalley, who is the only permanent member. The band has recorded 7 studio albums. They stayed on ""Epitaph Records"" until 1998 and have since switched to other labels. Down by Law has never achieved substantial commercial success, but a number of largely popular acts cite them as influential. After several lineup changes, the band went on hiatus from touring and recording in 2003 <a href=""https://www.last.fm/music/Down+By+Law"">Read more on Last.fm</a>",95553,868057,Pulley
The Vandals,"The Vandals is an American punk rock band formed in 1980 in Huntington Beach, California and currently recording for Kung Fu Records. They have released ten full-length studio albums and two live albums and have toured the world extensively, including performances on the Vans Warped Tour. They are well-known for their use of humor, preferring to use their music as a vehicle for entertainment and sarcasm rather than as a platform for more ""serious"" issues. <a href=""https://www.last.fm/music/The+Vandals"">Read more on Last.fm</a>",382252,6138756,Guttermouth
No Such Noise," <a href=""https://www.last.fm/music/No+Such+Noise"">Read more on Last.fm</a>",1250,6807,Behind Deadlines
Just Say Nay,"Ska-punk revelry, Just Say Nay, spin stories of temptation, turmoil and terror, set to offbeats and upstrokes and full to the brim with brass. Unbound by structure or convention, JSN tug at the bootlaces and heartstrings of their beloved audiences as they lift up knees and spirits.

The stage-breaking ensemble of best friends you see today, have carved out a fierce reputation in London’s DIY scene and dancefloors beyond.

Their debut album “Maximum Effort” tells a tale of the epic struggle and ultimate triumph over the voids of fear <a href=""https://www.last.fm/music/Just+Say+Nay"">Read more on Last.fm</a>",6419,53548,Rude Tins
Hub City Stompers,"Hub City Stompers hail from the ""hub city"" of New Brunswick, NJ. Formed in the summer of 2002 in the wasteland of the seemingly ""dead"" ska scene. These necromaniacs romanced ska's rotted corpse, playing for the love of the music rather than the popularity of it, and formed a force to be reckoned with in the New Jersey music scene.

Embracing various styles and eras from the 60's through the 80's, and adding reggae, jazz, punk and even classical influences <a href=""https://www.last.fm/music/Hub+City+Stompers"">Read more on Last.fm</a>",12323,231154,Inspecter 7
Teenage Bottlerocket,"Teenage Bottlerocket is a pop-punk/punk rock band from Laramie, Wyoming, formed in 2001. The band was formed by twin brothers Ray and Brandon Carlisle after their previous band Homeless Wonders broke up in 2000, and is completed by Kody Templeman and Miguel Chen. The band's music is heavily influenced by Kody's other band, The Lillingtons.

The band released their debut EP A Bomb on a Laramie communal label, One Legged Pup, in 2002 and soon after on October 31st 2003  the band released their first album <a href=""https://www.last.fm/music/Teenage+Bottlerocket"">Read more on Last.fm</a>",171840,5448117,Not On Tour
Club Sandinista!,"Japanese ska group. <a href=""https://www.last.fm/music/Club+Sandinista%21"">Read more on Last.fm</a>",3051,12059,The Ska Vengers
Jamaican Jazz Orchestra,"A unique musical blend from the Belgian homeland, all from the hand of guitarist/composer/bandleader Wouter Rosseel (Lee Perry, Congo Ashanti, Pura Vida). As if Ernest Ranglin, Skatalites and Monty Alexander would share the same stage. Expect original tunes, clever compositions and great jazz musicians with a reggae attitude! The first class musicians of JJO have played in groups like Leki, Pura Vida, Brussels Youth Orchestra, Lee Perry, Congo Ashanti, Nordmann, Manngold de Cobre, Zulemax, The Rhythm Junks, … and many more.
 <a href=""https://www.last.fm/music/Jamaican+Jazz+Orchestra"">Read more on Last.fm</a>",1346,8232,TOMMY TORNADO
Millencolin,"Millencolin is a punk rock band that was formed in October 1992 by Nikola Šarčević, Mathias Färm, and Erik Ohlsson in Örebro, Sweden. In early 1993, drummer Fredrik Larzon joined the band. The name Millencolin is derived from the skateboard trick ""melancholy"".

The original lineup, consisting of Šarčević (vocals & bass), Ohlsson (guitar), and Färm (drums), released their first demo tape, Goofy, in early 1993. Soon afterwards, Larzon joined the band to play drums, allowing Färm to perform as the second guitarist. <a href=""https://www.last.fm/music/Millencolin"">Read more on Last.fm</a>",734690,28839011,Lagwagon
The Bombpops,"This is ‘Death in Venice Beach’ Where The Bombpops had a Fear of Missing Out on their 2017 debut full-length, their highly anticipated follow up shows what happens when you’re too involved—with booze, bad situations, and behavior that’s unsustainable at best and destructive at worst.
This is Death in Venice Beach (out now on Fat Wreck Chords!), the comedown after the high, when clarity pierces the morning-after haze.
It’s right there in the title, an allusion to Thomas Mann’s celebrated novella about the price of an artistic life. <a href=""https://www.last.fm/music/The+Bombpops"">Read more on Last.fm</a>",34515,749133,Bad Cop/Bad Cop
EGO-WRAPPIN’,"EGO-WRAPPIN’ is a Japanese jazz band which formed in Osaka, Japan in 1996. They were first signed to RD Records in 1999, but transferred to Universal Music Japan two years later. The band primarily consists of two main members, Yoshie Nakano as the vocalist/songwriter and Masaki Mori as the guitarist/songwriter. Nakano is known for a deep and soulful voice, which fits their main jazz style. Ego-Wrappin's music is mostly influenced by jazz, often featuring traditional jazz band instrumentation, including a double bass and horns section. <a href=""https://www.last.fm/music/+noredirect/EGO-WRAPPIN%E2%80%99"">Read more on Last.fm</a>",14055,180052,
Devon Kay & The Solutions," <a href=""https://www.last.fm/music/Devon+Kay+&+The+Solutions"">Read more on Last.fm</a>",4852,116114,Hans Gruber And The Die Hards
Russkaja,"Russkaja is an Austrian Ska-Band from Vienna, Austria, consisting of Georgij Alexandrowitsch Makazaria (vocals / ex-member from stahlhammer), Engel Mayr (guitar), Dimitri Miller (bass, vocals), Mario Stübler (drums) & Hans-Georg ""H-G"" Gutternigg (trombone, trumpet), Rainer Gutternigg (trumpet) and Ulrike Müllner (violin).
Ex members are Titus Vadon (drums, vocals / ex-member from drahdiwaberl & das balaton combo), Zebo Adam (guitar, vocals / ex-member from hallucination company) <a href=""https://www.last.fm/music/Russkaja"">Read more on Last.fm</a>",95084,2015611,Rotfront
Tsunami Bomb,"TSUNAMI BOMB is a dynamic and energetic punk rock band that originated just north of the San Francisco Bay Area in a town called Petaluma, California. Formed at the every end of the 1990s, the group quickly gained recognition for their distinctive blend of melodic punk, post-hardcore, and pop-punk influences. With driving guitar riffs, dynamic keyboards, powerful dual vocals, and thought-provoking lyrics, TSUNAMI BOMB has captivated audiences with their raw emotion and high-energy performances. <a href=""https://www.last.fm/music/Tsunami+Bomb"">Read more on Last.fm</a>",139945,2613646,The Distillers
Antidoping,"ANTIDOPING es más que una simple prueba para detectar sustancias tóxicas en el organismo es una inyección vital de ruido positivo que nace al mundo musical en el verano de 1992 En medio de una sobredosis urbana de una ciudad tan grande y monstruosa como lo es la ciudad de México; desde entonces, ANTIDOPING continúa con el firme propósito de aprender, fomentar, y difundir una manera inquieta y libre de vivir por medio de la música reggae.

ANTIDOPING combina algunos elementos <a href=""https://www.last.fm/music/Antidoping"">Read more on Last.fm</a>",12006,170403,Los Rastrillos
Joey Cape,"Joey Cape is the lead vocalist for the melodic punk rock band Lagwagon. He is also lead vocalist for the indie experimental band Bad Astronaut. Other projects include being vocalists for both Afterburner and the Playing Favorites. On top of that, he is a guitarist in the cover band Me First and the Gimme Gimmes. 

In addition, Joey Cape released a split CD with Tony Sly of No Use for a Name, featuring acoustic versions of Lagwagon favorites and one original song (Violet) <a href=""https://www.last.fm/music/Joey+Cape"">Read more on Last.fm</a>",43557,974597,Tony Sly
Noise Complaint,"There are two bands with the name Noise Complaint:

1. Thrashcore/Crossover Thrash/Powerviolence from London, UK featuring members of Armed Response Unit.,Chaotic Mess., Flowers Of Flesh And Blood.,and Bleach. 
NOISE COMPLAINT formed in 2011 and began their assault on the London punk scene, although none of the members are British. They are made up by an American singer, Italian bassist and guitarist and Brazilian drummer so they bring a different style not typically heard in London these days.   <a href=""https://www.last.fm/music/Noise+Complaint"">Read more on Last.fm</a>",1667,30803,The Upfux
Val Bennett,"Val Bennett ( Lovall Bennett, died 1991) was a Jamaican tenor saxophonist and jazz and roots reggae musician who began his career in the 1940s. He made a number of releases on the Island Records and Crab Records labels.

In the late 1940s, Bennett led his own band, the Val Bennett Orchestra. Artists that played in Bennett's band included Jah Jerry Haynes, Lloyd Knibb, and Ernest Ranglin, whose first professional experience was with this band. The Val Bennett Orchestra performed regularly at the Colony Club <a href=""https://www.last.fm/music/Val+Bennett"">Read more on Last.fm</a>",37136,149896,Ken Parker
Lagwagon,"Lagwagon is an American punk rock band originally from Goleta, California, just outside Santa Barbara. They formed in 1990, went on hiatus in 2000, and reunited several times over the years. Their name comes from the band's tour van, which can be seen on the back cover of their 1994 second album Trashed.

The band has 11 releases through Fat Wreck Chords: eight studio albums, one EP, one live album and a collection of B-sides, compilation tracks and demos. <a href=""https://www.last.fm/music/Lagwagon"">Read more on Last.fm</a>",515590,15967366,No Use for a Name
БИРТМАН,"



 <a href=""https://www.last.fm/music/%D0%91%D0%98%D0%A0%D0%A2%D0%9C%D0%90%D0%9D"">Read more on Last.fm</a>",17627,468538,
The Mighty Mighty Bosstones,"The Mighty Mighty Bosstones was a ska punk band from Boston, Massachusetts, United States (Bosstones is a play on Boston). Their last lineup was Dicky Barrett (vocals), Joe Gittleman (bass), Lawrence Katz (guitar), Ben Carr (dancer, ""Bosstone""), Joe Sirois (drums), Timothy ""Johnny Vegas"" Burton (saxophone), Kevin Leaner (saxophone) and Chris Rhodes (trombone)

Formed in 1985, The Mighty Mighty Bosstones started playing in Boston clubs in the mid-1980s. <a href=""https://www.last.fm/music/The+Mighty+Mighty+Bosstones"">Read more on Last.fm</a>",682450,11691410,Big D And The Kids Table
The Living End,"The Living End formed in 1994 after lead singer/guitarist Chris Cheney and bassist Scott Owen were introduced to each other by their older sisters at Wheelers Hill Secondary College in Melbourne, Australia. Cheney, obsessed with 80s rockabilly group the Stray Cats, convinced Owen to learn the double bass instead of the piano and they started playing gigs under the name Runaway Boys after the title of a Stray Cats song. The group went through a succession of drummers before settling on Joe Piripitzi. <a href=""https://www.last.fm/music/The+Living+End"">Read more on Last.fm</a>",326805,7281034,Grinspoon
Los Prisioneros,"Los Prisioneros was a Chilean rock band formed in San Miguel, Santiago, Chile in 1982 by Jorge González (bass, vocals), Claudio Narea (guitar, backing vocals) and Miguel Tapia (drums, backing vocals). They began as a local band during the early 1980s, playing small shows in their neighborhood and high school. After selling a limited press number of their first album in Chile under the independent Fusión producciones label, they signed to EMI in 1985, re-releasing the same album on an LP record and Cassette. <a href=""https://www.last.fm/music/Los+Prisioneros"">Read more on Last.fm</a>",246724,7291456,Los Tres
Boa Brass Band,"Balkan-Ska-Jazz Brass Band from Mantes-la-Jolie (France)

-Alexandre Aumont : Sax Baryton
-Pierro Carvalho : Sax Ténor
-Maxime Jaslier : Sax Alto
-Olivier Mettais-Cartier / Denys Danielides : Soubassophone
-Jonas Baty : Guitare éléctrique
-Matchito Caldara : Caisse Claire / Tapan
-Jérémie Clergeot : Grosse Caisse <a href=""https://www.last.fm/music/Boa+Brass+Band"">Read more on Last.fm</a>",104,891,LALAO RABESON
The Beat,"There were two bands named The Beat, both active at the same time in the late 1970s and early 1980s.  Both bands mutually decided to use different names while operating different parts of the world:

1) The English two-tone ska band The Beat known as The English Beat in North America and The British Beat in Australia.

2) The American power-pop band became known as Paul Collins' Beat in Europe.

1. The Beat are a band founded in Birmingham, England, in 1978. Their music fuses ska, pop, soul, reggae and punk rock. <a href=""https://www.last.fm/music/The+Beat"">Read more on Last.fm</a>",258264,2224379,The Selecter
Buck-O-Nine,"Buck-O-Nine formed in a small warehouse in the early part of 1991. Based in San Diego, the band was on the horizon of a change in the music industry. At the time the catch phrase was “Grunge.” The band was eager to take a different path. With their backgrounds in Punk/Metal bands, Reggae bands and 2nd wave Ska bands, Buck-O-Nine had the formula for what was to become a new mutation of sounds. Inspired by the early founders of this new sound, Buck-O-Nine admired the works of Fishbone <a href=""https://www.last.fm/music/Buck-O-Nine"">Read more on Last.fm</a>",133833,1223554,Mustard Plug
En Tol Sarmiento," <a href=""https://www.last.fm/music/En+Tol+Sarmiento"">Read more on Last.fm</a>",4376,111810,ZetaK
Mest,"Mest is a pop punk band from Blue Island, Illinois.

Cousins Matt Lovato and Tony Lovato formed the band together in October 1995. The band's last guitarist, Jeremiah Rangel, joined the band in 1998. Their previous guitarist was Steve Lovato, Tony Lovato's brother. Nick Gigler joined the band in 1997 and has been their drummer ever since.

In 1998, the band self-released Mo' Money, Mo' 40z. Their debut album on Maverick Records, Wasting Time, was released in July 2000 and Destination Unknown in 2001. <a href=""https://www.last.fm/music/Mest"">Read more on Last.fm</a>",293692,4357910,Fenix TX
Against Me!,"Against Me! is an American punk rock band formed in 1997 in Gainesville, Florida, by singer and guitarist Laura Jane Grace. Since 2001, the band's lineup has also included guitarist James Bowman. After releasing three studio albums through independent record labels (Reinventing Axl Rose on No Idea records, and As The Eternal Cowboy and Searching for a Former Clarity on Fat Wreck Chords), Against Me! moved to Warner/Sire Records for 2007's New Wave, which reached no. <a href=""https://www.last.fm/music/Against+Me%21"">Read more on Last.fm</a>",742332,40267120,Laura Jane Grace
Bruce Lee Band," <a href=""https://www.last.fm/music/+noredirect/Bruce+Lee+Band"">Read more on Last.fm</a>",16692,277202,
2 Minutos,"Los integrantes de Dos Minutos se juntaron en 1987 y comenzaron a tocar en el '89, en plena hiperinflación: «en esas circunstancias empezamos nosotros, Alfonsín dejaba el gobierno, asumía Menem y debutábamos la noche en que la gente salìa a saquear mercados para poder comer...».

Ya habían grabado los temas ""Ya no sos igual"" y ""Arrebato"" en un álbum independiente junto a otras bandas.

""Valentín Alsina"" (1994) es el título del primer disco, en homenaje a su ciudad de origen. <a href=""https://www.last.fm/music/2+Minutos"">Read more on Last.fm</a>",62376,2107193,Flema
The Ataris,"The Ataris are a punk rock band from Anderson, Indiana formed in 1995. The band originally consisted of singer/songwriter/guitarist Kris Roe and guitarist Jasin Thomason. Using a 4-Track, they wrote and recorded demos in Kris's bedroom, with a drum machine as the drummer. At this point in time the band was searching for a full-time drummer. The first step in their road to success came when Kris attended a The Vandals concert at Bogart's in Cincinnati, where he passed one of the demo tapes to The Vandals' roadie Fitz. <a href=""https://www.last.fm/music/The+Ataris"">Read more on Last.fm</a>",830484,15128794,MxPx
Much the Same,"Much The Same is a punk rock band from the suburbs of Chicago, Illinois, United States. Their style is based on the fast, melodic skate punk of the mid-to-late 1990s made popular by bands such as NOFX, Lagwagon, and No Use for a Name.

The band began in 1999 under the name Don't Look Down and changed to Much The Same in 2001 after a legal dispute with the now-defunct New Jersey band Don't Look Down. They released the Caught Off Guard EP in 2001 on Tank Records, Quitters Never Win on A-F Records in 2003 and Survive in 2006 through Nitro Records. <a href=""https://www.last.fm/music/Much+the+Same"">Read more on Last.fm</a>",62593,1291644,Belvedere
The Cat Empire,"The Cat Empire is a six-piece alternative band from Melbourne, Australia. Their sound has been described as a fusion of jazz, funk, and rock with heavy Latin / Salsa influences (not to mention reggae, ska and dub). Currently, the Cat Empire consists of Ollie McGill (keyboard and backing vocals), Ryan Monro (bass and backing vocals), Felix Riebl (percussion and vocals), Harry James Angus (trumpet and vocals), Will Hull-Brown (drums), and Jamshid ""Jumps"" Khadiwhala (decks, percussion). <a href=""https://www.last.fm/music/The+Cat+Empire"">Read more on Last.fm</a>",480229,13678797,The John Butler Trio
South Central Skankers,"The South Central Skankers Rise from Lost Angeles

Their unique and upbeat sounds attract people of all ages and from all walks of life. The Skankers create a sound that cannot be ignored by combining ska, punk, metal and Latin. Their influences vary from underground to highly established bands, many of which were born out of Los Angeles. 

The Skankers first joined forces in 2002 and in the fall of 2003, they went to the studio to record their first L. <a href=""https://www.last.fm/music/South+Central+Skankers"">Read more on Last.fm</a>",4537,38770,8 Kalacas
Zebrahead,"Zebrahead is an Orange County, CA-based pop-punk/alternative rock/rapcore band which was formed in 1996 by vocalist/guitarist Justin Mauriello (formerly of Once There), guitarist Greg Bergdorf (formerly of 409), bassist Ben Osmundson (formerly of 3-Ply), drummer Ed Udhus (formerly of 409), and rapper Ali tabatabaee.

Current members:
Adrain Estrella - Rhythm Guitar, co Lead vocals (2021–present)
Ali Tabatabaee - co Lead Vocals (1996–present)
Dan Palmer - Lead Guitar, Backing Vocals (2013–present) <a href=""https://www.last.fm/music/Zebrahead"">Read more on Last.fm</a>",840643,25962576,Sum 41
Quique Neira,"Quique Neira is a Chilean reggae roots singer. <a href=""https://www.last.fm/music/Quique+Neira"">Read more on Last.fm</a>",24745,183138,Riddim
Toots & The Maytals,"Originally called simply The Maytals, are considered legends of ska and reggae music. They are from Kingston, Jamaica. Their sound is a unique, original combination of gospel, ska, soul, reggae and rock. Frederick ""Toots"" Hibbert, the leader of the group, was born in May Pen in the Parish of Clarendon, Jamaica. He was the youngest of seven children. He grew up singing gospel music in a church choir, but moved to Kingston in 1961 at the age of sixteen. <a href=""https://www.last.fm/music/+noredirect/Toots+&+The+Maytals"">Read more on Last.fm</a>",180949,1917874,
The Offspring,"The Offspring is a punk rock band formed in Huntington Beach, California, United States in 1984. From 1987 to 2003, the band's line-up included Dexter Holland (lead vocals, guitar), Noodles (lead and rhythm guitars, back vocals), Greg K. (bass, back vocals), and Ron Welty (drums, percussion), who was fired in 2003. Their current drummer Brandon Pertzborn of Marilyn Manson who has been with the band since 2023. Greg K was fired from the band in 2018 and was replaced by Todd Morse. <a href=""https://www.last.fm/music/The+Offspring"">Read more on Last.fm</a>",3892934,169237482,Sum 41
Los de Abajo,"Los de Abajo are a band from Mexico City founded in 1992 as a Latin ska four-piece band. Since then they have expanded to eight members and widened their musical influences to include rock, salsa, reggae, cumbia, Son Jarocho and banda sinaloense. Founder member Liber Terán is the main vocalist and writes many of the songs, although all band members receive equal pay for their contributions.

The band was unable to secure a record deal in Mexico, as their music was considered to be insufficiently commercial <a href=""https://www.last.fm/music/Los+de+Abajo"">Read more on Last.fm</a>",101640,690660,Los Estrambóticos
Cigar,"Cigar is a three-piece, non-fronting crew. Powerful, melodic, and thought provoking  is their sound. Always pushing the limits, complexities within the song structures  shatter comparisons made to other ""punk"" bands. But like their style, each member  of Cigar is also unique.

Big Jon sits at the drums. Involved in the music scene since the late '80s; starting with the popular Northern California punk band, ""The Circus Tents,"" Jon has not only had the chance to perform among other great bands <a href=""https://www.last.fm/music/Cigar"">Read more on Last.fm</a>",22080,371589,Ten Foot Pole
Sorry Sweetheart," <a href=""https://www.last.fm/music/Sorry+Sweetheart"">Read more on Last.fm</a>",1753,19745,Younger Than Neil
MxPx,"MxPx is a punk rock band that was formed in 1992 in Bremerton, Washington, United States.

MxPx started as three 15-year-old kids calling themselves Magnified Plaid pounding out music inspired by and similar to The Descendents and other Southern California punk rock bands. They didn’t really love their band name, however, which was a tribute to the original guitarist’s penchant for wearing one particularly loud plaid shirt. Consequently, the name was abbreviated to M. <a href=""https://www.last.fm/music/MxPx"">Read more on Last.fm</a>",658519,13779883,Slick Shoes
Catbite,"We're 4 friends who love 60's Jamaican music, 50's Rock and Roll, Two-tone, Punk rock, and everything in between. <a href=""https://www.last.fm/music/Catbite"">Read more on Last.fm</a>",12785,250912,BAD OPERATION
Rehasher,"Pumping out fast and melodic guitar-driven punk, Rehasher were born sometime around 2002 in the depths of Gainesville, FL, simply as a more formal excuse for the bandmembers to hang out, drink, and play music together. Less Than Jake bassist Roger Manganelli shared guitar and vocal duties with Ryan Geis (just call him Geis, please), and the two were completed by drummer Jake Crown and bassist Gui Amador. In addition to Less Than Jake, the guys represented plenty of time logged in other bands <a href=""https://www.last.fm/music/Rehasher"">Read more on Last.fm</a>",30254,421038,The Decline
Bad Religion,"Bad Religion is a punk rock band from Los Angeles, California, known for the social commentary in their lyrics. The band was formed in 1979 by high school students Greg Graffin (vocals), Jay Bentley (bass guitar), Jay Ziskrout (drums), and Brett Gurewitz (guitar). In 1981, they released their eponymous debut EP on their own newly-formed label, Epitaph, managed and owned by Gurewitz. 1982 saw the release of their first full-length album, How Could Hell be Any Worse?, which gained them a sizable following. <a href=""https://www.last.fm/music/Bad+Religion"">Read more on Last.fm</a>",1404669,84746727,Pennywise
Byron Lee & The Dragonaires,"Byron Lee and the Dragonaires is one of the best known Jamaican bands. Lee played a crucial pioneering role in bringing Jamaican music to the world. Formed in 1956 and playing a big band-ska sound their big break came in the first James Bond film Dr. No, where they appeared as the band in the scene at Pussfeller's club and played a number of tunes on the soundtrack. They also caused a stir at the New York World's Fair in 1964. As successful as the band was <a href=""https://www.last.fm/music/Byron+Lee+&+The+Dragonaires"">Read more on Last.fm</a>",59545,400041,Justin Hinds & The Dominoes
31 Minutos,"31 Minutos (Spanish: 31 Minutes) is a Chilean television programme which takes the form of a mock news broadcast, and is fronted by puppets who present various items. The programme was devised by Álvaro Díaz and Pedro Peirano of producers APLAPLAC, and was first shown in March 2003 on the TVN channel.

31 Minutos has achieved considerable success on Chilean television, captivating adult viewers as much as children. This is reflected in the range and quantity of commercial products spawned by the programme <a href=""https://www.last.fm/music/31+Minutos"">Read more on Last.fm</a>",65933,1975046,Los Bunkers
The Aggrolites,"The Aggrolites are a reggae band from Los Angeles, California. The Aggrolites are an amalgamation of two previous Los Angeles reggae and ska bands, the Vessels and the Rhythm Doctors, and were originally formed in 2002 as an in-concert backing band for reggae icon Derrick Morgan. The band were asked to record music for a new album for Morgan, and though the actual project was never released, the recording sessions inspired the Aggrolites to become a permanent band. <a href=""https://www.last.fm/music/The+Aggrolites"">Read more on Last.fm</a>",125259,2606737,The Slackers
[spunge],"spunge are a ska punk band from Tewkesbury, England. The lead singer, Alex Copeland, has commented that the brackets are in the name so that the letters don't fall out. The correct name does not capitalise the 'S', probably for aesthetic reasons. spunge are the only band who has ever officially been given permission by the Marley family to change the lyrics of a Bob Marley song, on their cover of ""No Woman, No Cry"" (this can be found on their second album, Room For Abuse). <a href=""https://www.last.fm/music/%5Bspunge%5D"">Read more on Last.fm</a>",56545,819607,The Holophonics
The Wailers,"There are or have been - at least - two bands named The Wailers: 

- The legendary Jamaican reggae band (founded as a ska group 1963, and became a Rastafarian reggae band in 1968), renamed Bob Marley & The Wailers in 1974, which are still active led by bassist Aston Barrett after Marley's death in 1981.  

- The Fabulous Wailers, a rock and roll and garage band from the USA, active 1958-1969, first led by John Greek, replaced in 1960 by Rockin' Robin Roberts. <a href=""https://www.last.fm/music/The+Wailers"">Read more on Last.fm</a>",611196,4915287,Bob Marley & The Wailers
New York Ska-Jazz Ensemble,"New York Ska-Jazz Ensemble is a group of New York ska musicians linking together ska and jazz music. 

Members:
Freddie Reiter (saxophone, flute, vocals),Mark Paquin (trombone, vocals)
Yao Dinizulu (drums), Alberto Tarin (guitar), Earl Appleton (keyboards)

ADDITIONAL MUSICIANS

Mitch Margold (keyboards),Cary Brown (keyboards), Gregg Leventhal (bass)
Lee Archibald(guitar, bass, vocals), Chris Weigers (bass)

PAST MEMBERS

Johnnathan McCain (drums <a href=""https://www.last.fm/music/New+York+Ska-Jazz+Ensemble"">Read more on Last.fm</a>",74320,1196656,The Toasters
Half Past Two,"Having formed in 2006, Half Past Two are veterans of the ever-thriving Orange County ska scene, but their forward-thinking approach also aligns them with ska’s current “New Tone” movement. After first coming together with Bad Time Records on 2020’s ‘Ska Against Racism’ compilation, the band and label have finally teamed up for a new full-length LP. ‘Talk Is Killing Me’ shows the band building on their ska punk roots to evolve musically and stylistically <a href=""https://www.last.fm/music/Half+Past+Two"">Read more on Last.fm</a>",8083,127607,Catbite
Tunnel Vision,"1. Alias of State of Mind.

2. Adelaide hardcore band formed in 2019  first putting out their Deathbed demo before the single 'Bleak' and this August an upcoming EP 'Shame Spiral' on life.lair.regret.records.
https://tunnelvision.bandcamp.com/
https://lifelairregretrecords.bandcamp.com/album/shame-spirial

3.  St. John's, Newfoundland and Labrador punk rock band.   
https://tunnelvision709.bandcamp.com/album/2022 <a href=""https://www.last.fm/music/Tunnel+Vision"">Read more on Last.fm</a>",8928,53098,X-O-DUS
Sublime,"Sublime was an American reggae rock and ska punk band from Long Beach, California, formed in 1988. The band's line-up, unchanged until their breakup, consisted of Bradley Nowell (vocals and guitar), Eric Wilson (bass), and Bud Gaugh (drums). Lou Dog, Nowell's dalmatian, was the mascot of the band. Nowell died of a heroin overdose in 1996, resulting in Sublime's breakup. In 1997, songs such as ""What I Got"", ""Santeria"", ""Wrong Way"", ""Doin' Time"", and ""April 29, 1992 (Miami)"" were released to U.S. radio. <a href=""https://www.last.fm/music/Sublime"">Read more on Last.fm</a>",2530887,82873939,Pepper
Koers," <a href=""https://www.last.fm/music/Koers"">Read more on Last.fm</a>",1590,14528,Adala
H2O,"There are at least 10 groups with the name H2O (including H₂O):
1. A hardcore band from the United States
2. A pop rock band from Latvia
3. A hip hop duo from South Africa
4. An alias of Oliver Strumm
5. A rock band from Scotland
6. A hip-hop/dance group from Montenegro
7. A techno act from Norway
8. A progressive rock band from Italy
9. H2O was a Japanese folk/pop duo from Nagano Prefecture: Kenji Nakazawa(中沢賢司） and Masaki Akashio(赤塩正樹).  <a href=""https://www.last.fm/music/H2O"">Read more on Last.fm</a>",226275,7378262,Ignite
Cut Capers,"Cut Capers are a 9-piece Bristol band whose energetic live performance and infectious sound have won them a cult following on the British festival scene. Mixing a swinging vintage-style brass section (think Caro Emerald) with funk, soul and hip-hop.
Like all the best bands, (and many of those on Freshly Squeezed Music) their sound is hard to pin down but comparisons have been made to “Madness, The Streets and Lily Allen” among many others (The Bristol Magazine). <a href=""https://www.last.fm/music/Cut+Capers"">Read more on Last.fm</a>",22907,183548,Little Violet
Owen Gray,"Owen Gray also known as Owen Grey (born 5 July 1939, Jamaica) is one of Jamaica's 'Foundation' singers whose work spans the R&B, ska, rocksteady, and reggae eras of Jamaican music, and he has been credited as Jamaica's first home-grown singing star.

Gray won his first talent contest at the age of nine, and by the age of twelve he was already appearing in public, playing drums, guitar, and keyboards. He attended the Alpha Boys School and turned professional aged 19. <a href=""https://www.last.fm/music/Owen+Gray"">Read more on Last.fm</a>",60145,282922,Derrick Morgan
