canciones,artistas,género,tipo,año lanzamiento,año
Hits 2020 - Mashup,Trinix Remix,pop,track,2022,2019
Glass House,Picturesque,pop,track,2020,2019
Best of 2019,Anthem Lights,pop,track,2019,2019
1x1,Galantis,pop,track,2022,2019
Breathe,Olly Alexander (Years & Years),pop,track,2020,2019
Blur,MØ,pop,track,2018,2019
Roses,Carly Rae Jepsen,pop,track,2016,2019
2021,Lauv,pop,track,2020,2019
Boom Clap,Charli xcx,pop,track,2022,2019
Don’t Start Now (Kaytranada Remix),Dua Lipa,pop,track,2020,2019
Solo,Clean Bandit,pop,track,2022,2019
A Bad Mashup: Bad Romance / Bad Blood / Bad Boys / Bad,Pomplamoose,pop,track,2021,2019
Dust,Galantis,pop,track,2024,2019
1977,Olly Alexander (Years & Years),pop,track,2015,2019
TEEN POP SENSATION,poptropicaslutz!,pop,track,2022,2019
Top Hits,Todays Top Hits,pop,track,2022,2019
2020,Great Good Fine Ok,pop,track,2019,2019
High Hopes,Panic! At The Disco,pop,track,2022,2019
2019 Hits (Santa Style),Eclipse 6,pop,track,2019,2019
Red Hot Chili Smashup,Pomplamoose,pop,track,2020,2019
Feel Good Inc,Gorillaz,pop,track,2022,2019
Temperature,Sean Paul,pop,track,2022,2019
Take Me Home,Jess Glynne,pop,track,2022,2019
Swipe,Picturesque,pop,track,2019,2019
2020 - Wolf and Love remix,Great Good Fine Ok,pop,track,2020,2019
Boys,Charli xcx,pop,track,2022,2019
Attention,Charlie Puth,pop,track,2022,2019
2020 Vision,Bellevue Days,pop,track,2020,2019
F2020 - Radio Edit,Avenue Beat,pop,track,2020,2019
EVIL,Melanie Martinez,pop,track,2024,2019
2020 Won,Abstract,pop,track,2021,2019
Out of Tune,Wet,pop,track,2018,2019
19 - Live,Xana,pop,track,2022,2019
Colour,MNEK,pop,track,2018,2019
Too Close,Alex Clare,pop,track,2019,2019
Symphony (feat. Zara Larsson),Clean Bandit,pop,track,2024,2019
No Shadow,Hyd,pop,track,2021,2019
Mine,Bazzi,pop,track,2023,2019
Sweater Weather,The Neighbourhood,pop,track,2022,2019
Radio,The Jins,pop,track,2019,2019
Lately,Shapes & Colors,pop,track,2015,2019
Stupid Love,Lady Gaga,pop,track,2020,2019
Believer,Imagine Dragons,pop,track,2019,2019
Beautiful,Bazzi,pop,track,2023,2019
Closer,Caius,pop,track,2017,2019
Sweet Talker,Olly Alexander (Years & Years),pop,track,2022,2019
Stay,Zedd,pop,track,2017,2019
Levitating,Dua Lipa,pop,track,2022,2019
2021 (Has Been so Fun),Nick Lutsko,pop,track,2021,2019
This Is Why,Paramore,pop,track,2022,2019
Old Town Road - Remix,Tough Rhymes,pop,track,2019,2019
Cool for the Summer,Demi Lovato,pop,track,2019,2019
Please Don’t Touch,RAYE,pop,track,2021,2019
Space (feat. Quinn XCII),Prince Fox,pop,track,2017,2019
FourFiveSeconds,Piano Dreamers,pop,track,2015,2019
Thumbs,Sabrina Carpenter,pop,track,2019,2019
Shine,Olly Alexander (Years & Years),pop,track,2019,2019
2020 Vision,Danny Schmidt,pop,track,2020,2019
Sorry Not Sorry,Demi Lovato,pop,track,2017,2019
Here,Alessia Cara,pop,track,2019,2019
Rather Be,Clean Bandit,pop,track,2023,2019
Latch,Disclosure,pop,track,2019,2019
201AM,Nikki Flores,pop,track,2016,2019
Royals,Lorde,pop,track,2019,2019
The Middle,Zedd,pop,track,2020,2019
Slow Hands,Niall Horan,pop,track,2017,2019
Pop Songs of the Decade,Bryten,pop,track,2019,2019
Breaking Me,Topic,pop,track,2020,2019
Be Kind,Marshmello,pop,track,2020,2019
Only Human,Jonas Brothers,pop,track,2020,2019
Cool for the Summer,Demi Lovato,pop,track,2019,2019
Capsize - Piano,Alison Gilbert,pop,track,2016,2019
Levitating,Dua Lipa,pop,track,2024,2019
Sweet Talker,Olly Alexander (Years & Years),pop,track,2021,2019
Starving,Hailee Steinfeld,pop,track,2017,2019
Fancy,Iggy Azalea,pop,track,2019,2019
Gold,Kiiara,pop,track,2021,2019
Room 2021,Dreamer,pop,track,2021,2019
Cloud9,DEV,pop,track,2017,2019
We Are Young,fun.,pop,track,2023,2019
Get Ready (Remixed),DJ Remix Factory,pop,track,2021,2019
Fetish,Selena Gomez,pop,track,2017,2019
ur just horny,GAYLE,pop,track,2022,2019
Everyday,Logic,pop,track,2018,2019
In My Mind,Natalie Summer,pop,track,2020,2019
Dancing with a Stranger,Kensington Square,pop,track,2019,2019
I Don't Care,Vibe2Vibe,pop,track,2019,2019
Middle,DJ Snake,pop,track,2019,2019
Haven't Met You Yet,Michael Bublé,pop,track,2023,2019
2020,Scott Orr,pop,track,2021,2019
Rock On,The Jagged Edges,pop,track,2019,2019
Too Good At Goodbyes,Sam Smith,pop,track,2017,2019
We Are Young,fun.,pop,track,2023,2019
PWR,GOLDHOUSE,pop,track,2021,2019
Supalonely,BENEE,pop,track,2021,2019
2020,KING SOL,pop,track,2019,2019
Stay,Zedd,pop,track,2019,2019
Birds,Imagine Dragons,pop,track,2021,2019
On Repeat,Robin Schulz,pop,track,2022,2019
Animals,Maroon 5,pop,track,2019,2019
Maniac,Conan Gray,pop,track,2021,2019
One Kiss,#1 Pop Hits,pop,track,2018,2019
On My Mind,Ellie Goulding,pop,track,2019,2019
2002,Anne-Marie,pop,track,2023,2019
Top Hits,Popular Songs,pop,track,2022,2019
1979,Lonely Earth,pop,track,2014,2019
Top Bangers Of 2022,Todays Top Hits,pop,track,2022,2019
Rich Love,OneRepublic,pop,track,2017,2019
F2020 - LLusion Remix,Avenue Beat,pop,track,2020,2019
The Middle,Zedd,pop,track,2021,2019
Juice,Lizzo,pop,track,2023,2019
20/20,Frisbee,pop,track,2019,2019
Do It Again,Jenny Jewel,pop,track,2020,2019
Sweet but Psycho,Ava Max,pop,track,2023,2019
2022 Hit Songs Music Mix,Todays Top Hits,pop,track,2022,2019
Boom Clap,Charli xcx,pop,track,2023,2019
Bad Liar (Remix),DJ Phenomena,pop,track,2019,2019
Friends,Justin Bieber,pop,track,2017,2019
Natural,Imagine Dragons,pop,track,2020,2019
Play With Fire,Nico Santos,pop,track,2020,2019
Meant to Be,Bebe Rexha,pop,track,2023,2019
Supalonely,BENEE,pop,track,2021,2019
Juice,Nala Williams,pop,track,2020,2019
Sweet but Psycho,Ava Max,pop,track,2023,2019
Wow.,Vibe2Vibe,pop,track,2019,2019
2022 Hit Songs,Todays Top Hits,pop,track,2022,2019
Sucker,East End Brothers,pop,track,2019,2019
The Middle,#1 Pop Hits,pop,track,2018,2019
Tender,#1 Pop Hits,pop,track,2018,2019
I'm a Mess,Bebe Rexha,pop,track,2023,2019
Kings & Queens,Lilly Gray,pop,track,2020,2019
Cool Kids,Echosmith,pop,track,2024,2019
Answerphone,Banx & Ranx,pop,track,2023,2019
2022 Hit Songs,Todays Top Hits,pop,track,2022,2019
Stay (with Alessia Cara),Zedd,pop,track,2018,2019
Closer,Urban Sound Collective,pop,track,2016,2019
2020,Kid Gruesome,pop,track,2022,2019
Jealous - Remix,Nick Jonas,pop,track,2019,2019
2020,CU,pop,track,2020,2019
Cruel Summer,Material Girls,pop,track,2014,2019
Dance Pop 2018,Pop 2018,pop,track,2018,2019
Gold,Kiiara,pop,track,2023,2019
2002,Anne-Marie,pop,track,2024,2019
FRIENDS,Marshmello,pop,track,2022,2019
Boyfriend,Mabel,pop,track,2021,2019
Hot2Touch,Felix Jaehn,pop,track,2017,2019
Dandelion,Galantis,pop,track,2021,2019
Close To Me,Ellie Goulding,pop,track,2021,2019
Boyfriend,Mabel,pop,track,2021,2019
No Type,Rae Sremmurd,pop,track,2019,2019
Music Hits,Todays Top Hits,pop,track,2022,2019
Meant to Be,Bebe Rexha,pop,track,2023,2019
HandClap,Fitz and The Tantrums,pop,track,2023,2019
20/20,Glass Bones,pop,track,2019,2019
20202020202020,Griffin Brown,pop,track,2020,2019
Come and Get Your Love,The Jagged Edges,pop,track,2019,2019
Clarity,Zedd,pop,track,2019,2019
Your Song,Rita Ora,pop,track,2023,2019
2022 Top Hits,Todays Top Hits,pop,track,2022,2019
Lil Tune,Gus Dapperton,pop,track,2024,2019
Hold My Hand,Jess Glynne,pop,track,2023,2019
Rockabye,Clean Bandit,pop,track,2023,2019
Top Bangers Of 2023,Todays Top Hits,pop,track,2023,2019
2020,Laura Gatz,pop,track,2022,2019
You're Sixteen,Le Monkey,pop,track,2021,2019
Lil Tune,Gus Dapperton,pop,track,2024,2019
I Want You To Know,Zedd,pop,track,2019,2019
Motivation,Emma Andrews,pop,track,2021,2019
2020,Ray Bay,pop,track,2020,2019
Magic,#1 Pop Hits,pop,track,2018,2019
These Days,Rudimental,pop,track,2023,2019
Bad Guy,Urban Sound Collective,pop,track,2019,2019
2002,Anne-Marie,pop,track,2023,2019
Power,Ellie Goulding,pop,track,2021,2019
Intentions,Justin Bieber,pop,track,2021,2019
Animals,Maroon 5,pop,track,2019,2019
Lovefool,twocolors,pop,track,2020,2019
7 Years,Lukas Graham,pop,track,2023,2019
Lighter,Galantis,pop,track,2024,2019
Friends,Justin Bieber,pop,track,2019,2019
Stupid Love,Lady Gaga,pop,track,2021,2019
Infinity,Jaymes Young,pop,track,2022,2019
Something's Gotta Give,#1 Pop Hits,pop,track,2018,2019
Beautiful Mistakes,Maroon 5,pop,track,2021,2019
Runaway (U & I),Galantis,pop,track,2023,2019
Beautiful Mistakes,Maroon 5,pop,track,2022,2019
Higher Love - Pop Mega Hit Edit,JR JR,pop,track,2021,2019
Lights - Single Version,Ellie Goulding,pop,track,2019,2019
If You Need Me,Julia Michaels,pop,track,2021,2019
Do It Again,Pia Mia,pop,track,2019,2019
NINETEEN,the44thfloor,pop,track,2020,2019
Sucker,Jonas Brothers,pop,track,2021,2019
Light Switch,Charlie Puth,pop,track,2022,2019
Youth,#1 Pop Hits,pop,track,2018,2019
Banger Songs Of 2022,Todays Top Hits,pop,track,2022,2019
Stupid Love,Lady Gaga,pop,track,2020,2019
Oblivion,Movie Sounds Unlimited,pop,track,2019,2019
Hold My Hand,Jess Glynne,pop,track,2023,2019
High Hopes,Panic! At The Disco,pop,track,2023,2019
Liability (Reprise),Lorde,pop,track,2019,2019
Year's End,Genders,pop,track,2021,2019
Banger Songs Of 2022,Todays Top Hits,pop,track,2022,2019
Solo,Clean Bandit,pop,track,2023,2019
Some Nights,fun.,pop,track,2023,2019
Feel Like Making Love,Le Monkey,pop,track,2021,2019
It's a Beautiful Day - Swing Mix,Michael Bublé,pop,track,2023,2019
209a,Stay Here,pop,track,2019,2019
Bad at Love,#1 Pop Hits,pop,track,2018,2019
Sorry Not Sorry,Demi Lovato,pop,track,2019,2019
Dust,Galantis,pop,track,2024,2019
2022 Hit Songs Radio Mix,Todays Top Hits,pop,track,2022,2019
La Da Dee,Cody Simpson,pop,track,2023,2019
Higher,Clean Bandit,pop,track,2021,2019
Little Bit Yours,Galantis,pop,track,2024,2019
Good as Hell,Lizzo,pop,track,2023,2019
Rather Be,Cimorelli,pop,track,2014,2019
Done for Me,#1 Pop Hits,pop,track,2018,2019
Switch,Iggy Azalea,pop,track,2017,2019
Let It Go,James Bay,pop,track,2019,2019
Banger Songs Of 2022,Todays Top Hits,pop,track,2023,2019
Lil Tune,Gus Dapperton,pop,track,2024,2019
Am I Wrong,Nico & Vinz,pop,track,2023,2019
Supalonely,BENEE,pop,track,2020,2019
Banger Songs Of 2023,Todays Top Hits,pop,track,2023,2019
Wolves,Selena Gomez,pop,track,2019,2019
Whenever,The Death Of Pop,pop,track,2014,2019
Fall Top Hits,Todays Top Hits,pop,track,2022,2019
Danse Pop,Greatest Hits,pop,track,2010,2019
Follow You,Imagine Dragons,pop,track,2022,2019
Mount Everest,Labrinth,pop,track,2022,2019
Top Bangers Of 2022,Todays Top Hits,pop,track,2022,2019
Make Me Feel,Janelle Monáe,pop,track,2023,2019
Kayleigh,Le Monkey,pop,track,2021,2019
Hate Me,Ellie Goulding,pop,track,2020,2019
"1, 2, 3",Sofía Reyes,pop,track,2023,2019
Banger Songs Of 2022,Todays Top Hits,pop,track,2023,2019
Happier (Remixed),DJ Remix Factory,pop,track,2021,2019
Rare,Ava Watson,pop,track,2020,2019
Songs Of Top Hits List,Todays Top Hits,pop,track,2022,2019
Torn,The Relevance,pop,track,2021,2019
Stay,Zedd,pop,track,2020,2019
Banger Songs Of 2022,Todays Top Hits,pop,track,2022,2019
Song 2,Blur,pop,track,2024,2019
Summer 2020,TAOG,pop,track,2020,2019
Higher,Clean Bandit,pop,track,2021,2019
FRIENDS,Anne-Marie,pop,track,2023,2019
High Five,#1 Pop Hits,pop,track,2018,2019
Train,Mike Vallas,pop,track,2021,2019
California Gurls,Katy Perry,pop,track,2022,2019
Stupid Love,Lady Gaga,pop,track,2020,2019
Five More Minutes,Jonas Brothers,pop,track,2021,2019
Thunder,Leona Lewis,pop,track,2019,2019
2019 was a blur for dandi,DANDELIONS,pop,track,2022,2019
8 Letters,Why Don't We,pop,track,2023,2019
Are You Bored Yet?,Wallows,pop,track,2023,2019
The Middle,Cimorelli,pop,track,2019,2019
Peanut Butter Jelly,Galantis,pop,track,2024,2019
King,Olly Alexander (Years & Years),pop,track,2019,2019
Reptilia,The Relevance,pop,track,2021,2019
Run Your Mouth,The Marías,pop,track,2024,2019
Lil Tune,Gus Dapperton,pop,track,2024,2019
Banger Songs Of 2022,Todays Top Hits,pop,track,2022,2019
Rewrite the Stars,Zac Efron,pop,track,2023,2019
Sweet but Psycho,Ava Max,pop,track,2024,2019
Sunday Best,Believe Sunshine,pop,track,2021,2019
Solo,Clean Bandit,pop,track,2022,2019
"i hate u, i love u",gnash,pop,track,2023,2019
Top Bangers Of 2022,Todays Top Hits,pop,track,2022,2019
Kings & Queens,Lilly Gray,pop,track,2020,2019
Todays Best Music,Todays Top Hits,pop,track,2022,2019
2022 Hit Songs Music Mix,Todays Top Hits,pop,track,2022,2019
Ain’t It Fun,Paramore,pop,track,2023,2019
Attention,Charlie Puth,pop,track,2023,2019
Dance Pop 2018,Pop 2018,pop,track,2018,2019
Made You Look,Meghan Trainor,pop,track,2022,2019
How to Be a Heartbreaker,MARINA,pop,track,2023,2019
Bulletproof,La Roux,pop,track,2019,2019
Phenomena,Yeah Yeah Yeahs,pop,track,2019,2019
Hideaway,Kiesza,pop,track,2021,2019
I Like It,Cardi B,pop,track,2023,2019
Meant to Be,Piano Project,pop,track,2022,2019
Top Bangers Of 2022,Todays Top Hits,pop,track,2023,2019
On The Loose,Niall Horan,pop,track,2020,2019
Friends,Ella Henderson,pop,track,2023,2019
Hype Hit Songs Of 2022,Todays Top Hits,pop,track,2023,2019
Little Talks,Of Monsters and Men,pop,track,2019,2019
Heathens,Twenty One Pilots,pop,track,2023,2019
You Say,Lauren Daigle,pop,track,2023,2019
Collide,Piano Dreamland,pop,track,2024,2019
Top Bangers Of 2022,Todays Top Hits,pop,track,2023,2019
Rockstar,Lil Deela,pop,track,2020,2019
Lighter,Galantis,pop,track,2024,2019
Passionfruit,Cimorelli,pop,track,2017,2019
fmk,GAYLE,pop,track,2022,2019
Calling After Me,Wallows,pop,track,2024,2019
Pack Up,Eliza Doolittle,pop,track,2023,2019
Crush,Glades,pop,track,2021,2019
Not A Love Song,bülow,pop,track,2020,2019
Tongue Tied,GROUPLOVE,pop,track,2023,2019
Infinity,Jaymes Young,pop,track,2023,2019
Pack Up,Eliza Doolittle,pop,track,2023,2019
I Like It,Cardi B,pop,track,2022,2019
Tongue Tied,GROUPLOVE,pop,track,2023,2019
2020,Alba Fox,pop,track,2020,2019
Infinity,Jaymes Young,pop,track,2023,2019
Fall Top Hits,Todays Top Hits,pop,track,2022,2019
2022 Hit Songs Music Mix,Todays Top Hits,pop,track,2023,2019
2022 Hit Songs Music Mix,Todays Top Hits,pop,track,2022,2019
Golden Hour,Kacey Musgraves,pop,track,2019,2019
What a Woman,Faouzia,pop,track,2024,2019
2020 VIBRAS/REMIX - Remix,VAAV Social Club,pop,track,2021,2019
Hype Hit Songs Of 2022,Todays Top Hits,pop,track,2022,2019
2020,AL-90,pop,track,2020,2019
The Middle,Zedd,pop,track,2020,2019
2022 Hit Songs,Todays Top Hits,pop,track,2022,2019
2022 Hit Songs Music Mix,Todays Top Hits,pop,track,2022,2019
Rise,Vibe2Vibe,pop,track,2018,2019
Top Bangers Of 2022,Todays Top Hits,pop,track,2022,2019
You Make Me Feel... - ATZEN MUSIK Remix,Cobra Starship,pop,track,2019,2019
Fall Top Hits,Todays Top Hits,pop,track,2022,2019
2022 Hit Songs Music Mix,Todays Top Hits,pop,track,2022,2019
Proud,#1 Pop Hits,pop,track,2018,2019
2020,Nash Soul,pop,track,2020,2019
It’s not fair,Kenya Grace,pop,track,2024,2019
"1, 2, 3, 4",Plain White T's,pop,track,2019,2019
Play Date,Melanie Martinez,pop,track,2023,2019
2022 Top Hits,Popular Songs,pop,track,2022,2019
2022 Hit Songs Music Mix,Todays Top Hits,pop,track,2022,2019
Mood,Train to Mars,pop,track,2020,2019
LIPS,MaKenzie,pop,track,2024,2019
Maniac,Conan Gray,pop,track,2020,2019
Change Your Mind,Knox,pop,track,2024,2019
Top 10 Hits,Todays Top Hits,pop,track,2022,2019
Hype Hit Songs Of 2022,Todays Top Hits,pop,track,2023,2019
Live It Up,#1 Pop Hits,pop,track,2018,2019
Sweet but Psycho,Ava Max,pop,track,2024,2019
Bubblegum Bitch,MARINA,pop,track,2023,2019
Middle,DJ Snake,pop,track,2021,2019
I Swear,All-4-One,pop,track,2024,2019
Hype Hit Songs Of 2022,Todays Top Hits,pop,track,2022,2019
2022 Hit Songs List,Todays Top Hits,pop,track,2022,2019
STRAY,jxdn,pop,track,2024,2019
Hair Too Long,#1 Pop Hits,pop,track,2018,2019
2022 Hit Songs,Todays Top Hits,pop,track,2022,2019
2 On,Top 40,pop,track,2015,2019
Fall Top Hits,2022 Hit Songs Music Mix,pop,track,2022,2019
Flowers,SMYLES,pop,track,2024,2019
1950,King Princess,pop,track,2022,2019
Heroes (we could be),Alesso,pop,track,2019,2019
Pop Song #1 (In a World),Tito Hernandez,pop,track,2020,2019
2019,osei,pop,track,2022,2019
Juice,Lizzo,pop,track,2023,2019
Boys,Charli xcx,pop,track,2023,2019
More than Friends,James Hype,pop,track,2023,2019
2022 Hit Songs,2022 Hit Songs Music Mix,pop,track,2022,2019
2020,Computer Graphics,pop,track,2020,2019
Hype Hit Songs Of 2022,Todays Top Hits,pop,track,2023,2019
2022 Hit Songs Music Mix,Todays Top Hits,pop,track,2023,2019
Big Energy,Nicole Knight,pop,track,2022,2019
Starving - KIIDA Remix,Hailee Steinfeld,pop,track,2019,2019
Say So,Ashley Price,pop,track,2020,2019
Don't Start Now,Charlotte Reed,pop,track,2020,2019
Green Light,Lorde,pop,track,2019,2019
July,Claire Bell,pop,track,2020,2019
Shape of You,Today's Hits!,pop,track,2018,2019
Team,Lorde,pop,track,2021,2019
2022 Top Hits,Todays Top Hits,pop,track,2022,2019
Supalonely,BENEE,pop,track,2020,2019
Pretty Girl,Thomas Rivera,pop,track,2020,2019
Kings & Queens,Ava Max,pop,track,2023,2019
2022 Top Hits,Todays Top Hits,pop,track,2023,2019
Sugar,Robin Schulz,pop,track,2023,2019
Levitating,Dua Lipa,pop,track,2023,2019
Hypothetically,Jenna Raine,pop,track,2024,2019
2020,Scarlett Rome,pop,track,2021,2019
Supalonely,Lilly Oxford,pop,track,2020,2019
Lighter,Galantis,pop,track,2024,2019
Banger Addictive Songs,Todays Top Hits,pop,track,2023,2019
2019,Misuw,pop,track,2019,2019
2020,The Clients,pop,track,2020,2019
Fall Top Hits,Todays Top Hits,pop,track,2023,2019
One Cry (feat. Rosa Linn),Galantis,pop,track,2024,2019
Juice,Nala Williams,pop,track,2020,2019
Calling After Me,Wallows,pop,track,2024,2019
Reality,Pop Hits 2015,pop,track,2015,2019
Lighter,Galantis,pop,track,2024,2019
20 / 20,Allegory,pop,track,2017,2019
Banger Addictive Songs,Todays Top Hits,pop,track,2022,2019
201,Room 201,pop,track,2021,2019
2020,The Living Strange,pop,track,2020,2019
Gone,Universal Production Music,pop,track,2018,2019
Like 1999,Valley,pop,track,2022,2019
Songs Of Top Hits List,Todays Top Hits,pop,track,2022,2019
Training Season,Dua Lipa,pop,track,2024,2019
2020,WB x MB,pop,track,2020,2019
2022 Hit Songs,Todays Top Hits,pop,track,2022,2019
Hype Hit Songs Of 2022,Todays Top Hits,pop,track,2022,2019
Gold,Kiiara,pop,track,2022,2019
Pacify Her,Melanie Martinez,pop,track,2023,2019
2019,Cloi Crider,pop,track,2020,2019
Level of Concern,Will Shepard,pop,track,2020,2019
Music Hits,Todays Top Hits,pop,track,2023,2019
BLISS,208,pop,track,2022,2019
WAP,Evelyn Ramos,pop,track,2021,2019
Run,OneRepublic,pop,track,2022,2019
Soft,GRAE,pop,track,2021,2019
Heat Waves,Glass Animals,pop,track,2022,2019
Intentions,Pierre Colin,pop,track,2020,2019
Raise Your Glass,Made famous by Pink,pop,track,2011,2019
LIPS,MaKenzie,pop,track,2024,2019
The Middle (Workout Mix),Workout Music,pop,track,2018,2019
2022 Hit Songs Radio Mix,Todays Top Hits,pop,track,2022,2019
Gold,Kiiara,pop,track,2021,2019
Lil Tune,Gus Dapperton,pop,track,2024,2019
Glow,RVBY,pop,track,2019,2019
Lil Tune,Gus Dapperton,pop,track,2024,2019
2022 Hit Songs Music Mix,Todays Top Hits,pop,track,2022,2019
2022 Hit Songs Radio Mix,Todays Top Hits,pop,track,2022,2019
The Middle,Zedd,pop,track,2020,2019
Friends (Workout Mix),Workout Music,pop,track,2018,2019
Sober,Sassydee,pop,track,2020,2019
Fall Top Hits,Todays Top Hits,pop,track,2022,2019
Snow Top Hit Songs,2022 Hit Songs Music Mix,pop,track,2023,2019
Top Hits Music Mix,Todays Top Hits,pop,track,2023,2019
Closer,Saweetie,pop,track,2022,2019
Songs Of Top Hits List,Todays Top Hits,pop,track,2022,2019
Talk talk,Charli xcx,pop,track,2024,2019
Top Hits Music Mix,Todays Top Hits,pop,track,2022,2019
Songs Of Top Hits List,Todays Top Hits,pop,track,2022,2019
Freaky Friday,Lewis Mason,pop,track,2024,2019
The Middle,Zedd,pop,track,2019,2019
Todays Top Hits Music Mix,Todays Top Hits,pop,track,2022,2019
Snow Top Hit Songs,Todays Top Hits,pop,track,2022,2019
Capital Letters,#1 Pop Hits,pop,track,2018,2019
Radio Top Hits,Todays Top Hits,pop,track,2022,2019
Glad He's Gone,Tove Lo,pop,track,2020,2019
Kings & Queens,Lilly Gray,pop,track,2020,2019
2022 Hit Songs List,Todays Top Hits,pop,track,2023,2019
Gold,Kiiara,pop,track,2021,2019
Habits (Stay High),Tove Lo,pop,track,2019,2019
Music Hits,Todays Top Hits,pop,track,2022,2019
Top Hit Songs,Todays Top Hits,pop,track,2022,2019
Stupid Love,Lady Gaga,pop,track,2020,2019
Get You The Moon,Don Blaine,pop,track,2020,2019
Bang! (Workout Mix),Ultimate Workout Hits,pop,track,2021,2019
Pop Shit,Zuri,pop,track,2020,2019
Mood (Workout Mix),Workout Music,pop,track,2021,2019
2022 Hit Songs,Todays Top Hits,pop,track,2022,2019
Pop Pop,D.O.D,pop,track,2014,2019
Meaning of Life,#1 Pop Hits,pop,track,2018,2019
Lover (Workout Mix),Workout Music,pop,track,2020,2019
Taste,Top 40 Hip-Hop Hits,pop,track,2018,2019
Top Hits List,Todays Top Hits,pop,track,2022,2019
Maybe You're the Problem,Ava Max,pop,track,2022,2019
good 4 u,Olivia Rodrigo,pop,track,2022,2019
Sweater Weather,The Neighbourhood,pop,track,2023,2019
Boys,Charli xcx,pop,track,2021,2019
4-2020,Jrsoapbox,pop,track,2021,2019
Blinding Lights,Bryan Moore,pop,track,2020,2019
2020,DijahSB,pop,track,2020,2019
Top Bangers Of 2022,Todays Top Hits,pop,track,2022,2019
Turn! Turn! Turn!,Hits of the Decades,pop,track,2015,2019
Music Hits,Todays Top Hits,pop,track,2022,2019
2022 Hit Songs Music Mix,Todays Top Hits,pop,track,2022,2019
Lil Tune,Gus Dapperton,pop,track,2024,2019
Euro 2021,Pop Nation,pop,track,2021,2019
Close To Me,Ellie Goulding,pop,track,2020,2019
I Wish,Joel Corry,pop,track,2022,2019
Top Hit Songs,Todays Top Hits,pop,track,2022,2019
Lil Tune,Gus Dapperton,pop,track,2024,2019
Down,Piano Dreamers,pop,track,2017,2019
Really Don't Care,Demi Lovato,pop,track,2019,2019
This Town,Le Monkey,pop,track,2021,2019
Girls Like Us,Zoe Wees,pop,track,2022,2019
You Shook Me All Night Long,Le Monkey,pop,track,2021,2019
Top Hits,Todays Top Hits,pop,track,2022,2019
Save Your Tears (Remix),Ultimate Pop Hits,pop,track,2022,2019
Songs Of Top Hits List,Todays Top Hits,pop,track,2022,2019
2019 Hit,Hyas,pop,track,2019,2019
Roses,2016 Billboard Hits,pop,track,2017,2019
Easy on Me (Remix),Ultimate Pop Hits,pop,track,2022,2019
Top 10 Hits,Todays Top Hits,pop,track,2022,2019
New Rules (Workout Mix),Workout Music,pop,track,2018,2019
2022 Hit Songs,Todays Top Hits,pop,track,2022,2019
Todays Top Hit Songs,Todays Top Hits,pop,track,2022,2019
Viral Top Hits,2022 Hit Songs Music Mix,pop,track,2022,2019
First Class,Jack Willis,pop,track,2022,2019
Middle,DJ Snake,pop,track,2019,2019
Banger Addictive Songs,Todays Top Hits,pop,track,2022,2019
Beach House,Maryam Vidal,pop,track,2022,2019
Smalltown Boy,Cristian Poow,pop,track,2018,2019
2022 Hit Songs Radio Mix,Todays Top Hits,pop,track,2022,2019
Fall Top Hits,Todays Top Hits,pop,track,2022,2019
Hype Hit Songs Of 2022,Todays Top Hits,pop,track,2022,2019
Shed a Light,Robin Schulz,pop,track,2023,2019
Chains,Top 40,pop,track,2015,2019
You Make Me Feel...,Cobra Starship,pop,track,2019,2019
Hold On,Justin Bieber,pop,track,2022,2019
Otherside,Pacific Edge,pop,track,2020,2019
Anticlimax,Enlia,pop,track,2022,2019
