Artista,Biografia,Listeners,Playcount,Artistas Similares
Top Hit Songs," <a href=""https://www.last.fm/music/Top+Hit+Songs"">Read more on Last.fm</a>",31,97,no data
Leon Jaar," <a href=""https://www.last.fm/music/Leon+Jaar"">Read more on Last.fm</a>",1634,9584,Danny Joseph
Nicole Knight," <a href=""https://www.last.fm/music/Nicole+Knight"">Read more on Last.fm</a>",16,52,no data
20/20,"20/20 was formed in Tulsa, OK by high school friends Steve Allen (guitar, vocals) and Ron Flynt (bass, vocals). They're known today as a popular power pop band, preceding as well as being a part of the late 70s power pop boom among bands such as Cheap Trick, The Knack, and The Records. Tracks ""Cheri"" and ""Yellow Pills"" have been included in several multi-artist power pop collections, with the 'Yellow Pills' title becoming a sort of underground shorthand for the scene. <a href=""https://www.last.fm/music/20%2F20"">Read more on Last.fm</a>",19988,177852,Shoes
FMSAO,"FMSAO is the project of Evgeny Shchukin, who also produces as WOLS and in the duo Narcissi. Evgeny is also one of the founders of Fuselab label. <a href=""https://www.last.fm/music/FMSAO"">Read more on Last.fm</a>",3231,21093,Monokle
Smyles," <a href=""https://www.last.fm/music/Smyles"">Read more on Last.fm</a>",15868,78517,Robbe
Train to Mars," <a href=""https://www.last.fm/music/Train+to+Mars"">Read more on Last.fm</a>",5120,23298,TommyMuzzic
Glass Animals,"Glass Animals is an English electronic/indie rock band formed in Oxford in 2010. The band's line-up consists of Dave Bayley (vocals, guitar, keyboards, drums, songwriting), Drew MacFarlane (guitar, keyboards, backing vocals), Edmund Irwin-Singer (bass, keyboards, backing vocals), and Joe Seaward (drums).

All four members of the band met at St Edward's School in Oxford. Dave Bayley attended St Edward's on a music scholarship and was introduced to Drew MacFarlane <a href=""https://www.last.fm/music/Glass+Animals"">Read more on Last.fm</a>",2071001,99387502,Sir Sly
Ella Henderson,"Ella Henderson (born 12 January 1996) is a British singer-songwriter from Lincolnshire, England. She was a contestant on the ninth series of The X Factor  in 2012 and finished in sixth place.

Henderson is a big fan of Amy Winehouse and Frank Sinatra and picked out Olly Murs and Leona Lewis as her favorite X Factor contestants from previous series’ of the show. Henderson confessed that she'd love to sing with Adele or Beyoncé.

Her debut single <a href=""https://www.last.fm/music/Ella+Henderson"">Read more on Last.fm</a>",586308,6900647,Becky Hill
MKTO,"MKTO is a Californian music duo consisting of Malcolm Kelley and Tony Oller. The two met in 2010 while filming the Nickelodeon television series Gigantic, in which they played best friends. They later formed a musical duo and came up with the name MKTO, which represents their combined initials. They elaborated upon the inspiration for their group name, saying ""it also stands for what our album kind of is: Misfit Kids and Total Outcasts – just like the kids we were in high school"". <a href=""https://www.last.fm/music/MKTO"">Read more on Last.fm</a>",926246,9318368,Andy Grammer
Madeline The Person," <a href=""https://www.last.fm/music/Madeline+The+Person"">Read more on Last.fm</a>",128963,1097065,no data
Gus Dapperton,"
Gus Dapperton is an indie pop artist from Warwick, New York, United States.

Starting out as a hip-hop producer at the age of 13, Dapperton made the switch to his current sound after a serious hospitalisation and the failure of his laptop. 

Pairing infectious, nostalgia-laden tunes with high-concept filmclips, lauded for their high-concept cinematic execution, has proven to be a recipe for success. Blowing up through 2017, with two EPs dropped, and fans and the press alike taking notice, Dapperton's future looks bright.

 <a href=""https://www.last.fm/music/Gus+Dapperton"">Read more on Last.fm</a>",531447,11281740,Dayglow
Disclosure,"Disclosure are Guy Lawrence and Howard Lawrence, brothers from Surrey, United Kingdom. Crafting their own lo-fi dream-dub sound, Disclosure effortlessly combine 2-step garage rhythms and dubstep basslines with their own rich musical heritage of soul, jazz and 90s hip hop. After their debut single on Moshi-Moshi Records in September 2010, the duo released a 4 track EP on Transparent Records the year after. 2012 saw the release of ""Tenderly/Flow"" and ""The Face"" EP on Greco-Roman. <a href=""https://www.last.fm/music/Disclosure"">Read more on Last.fm</a>",1962516,60663781,AlunaGeorge
SZA,"Solána Imani Rowe, known professionally as SZA, is an American singer and songwriter. She was born in St. Louis, Missouri but raised in Maplewood, New Jersey. She self-released her debut EP, See.SZA.Run in October 2012. 

In April 2013, SZA released her S EP to good critical reviews— in July of that same year, it was announced she was signed to Top Dawg Entertainment and began working on her Z EP, which would eventually become a full-fledged album. Z was released in April 2014.  <a href=""https://www.last.fm/music/SZA"">Read more on Last.fm</a>",2692456,376572629,Summer Walker
Justin Bieber,"Justin Drew Bieber (born March 1, 1994 in London, Ontario, Canada) is a Grammy Award winning Canadian pop singer, songwriter, and multi-instrumentalist. Bieber was discovered in 2008 by American talent manager Scooter Braun, who came across Bieber's videos on YouTube and later became his manager. Braun arranged for him to meet with entertainer Usher Raymond in Atlanta, Georgia. Bieber was signed to Raymond Braun Media Group (RBMG), and then to an Island Records recording contract offered by record executive L.A. Reid. <a href=""https://www.last.fm/music/Justin+Bieber"">Read more on Last.fm</a>",3717323,197390471,Zayn
Piano Dreamers," <a href=""https://www.last.fm/music/Piano+Dreamers"">Read more on Last.fm</a>",67005,846823,Piano Tribute Players
Kevian Kraemer,"Kevian Kraemer, an artist hailing from Asbury Park, New Jersey, rose to prominence for his extraordinary guitar skills and catchy tunes. He began his musical journey as a child prodigy under the mentorship of John Liedersdorf at Lakehouse Music, a place known for shaping talents like Bon Jovi, Lorde, and Brian Fallon. While his hit track “Fly” gained massive traction on TikTok, amassing six million views and over one million likes, it was only the beginning of his rise in the indie music scene, which also doubled his Spotify followers. <a href=""https://www.last.fm/music/Kevian+Kraemer"">Read more on Last.fm</a>",41419,415567,Alfie Jukes
Kid Kapichi,"Prepare to be left with your mouth open and your heart racing. Hastings four piece, Kid Kapichi's colossal riffs are matched only by their earth shakingly tight and loud live performances that are relentless from beginning to end. To make things worse, their tunes are impossibly infectious with a uniquely crafted sound that takes in QOTSA, The Libertines, Nirvana and The Arctic Monkeys.

Enjoyed repeated organic support from Steve Lamacq and planning to take over the world later this year... or die trying. <a href=""https://www.last.fm/music/Kid+Kapichi"">Read more on Last.fm</a>",76760,1323950,Soft Play
Wallows,"Wallows is an American alternative rock band based in Los Angeles composed of Dylan Minnette (guitar and vocals), Braeden Lemasters (guitar and vocals), and Cole Preston (drums and vocals). The band began releasing songs independently in April 2017 starting with ""Pleaser"", which reached number two on the Spotify Global Viral 50 chart.

In April 2017, the band released their first single under the Wallows moniker, ""Pleaser"". The song would eventually <a href=""https://www.last.fm/music/Wallows"">Read more on Last.fm</a>",1599848,85638716,Dayglow
Maryam Vidal," <a href=""https://www.last.fm/music/Maryam+Vidal"">Read more on Last.fm</a>",8,18,no data
Melanie Martinez,"Melanie Adele Martinez (born April 28th, 1995) is an American singer-songwriter, artist, director, actress, dancer, clothing designer, producer and  photographer. 

Born in Astoria, Queens, and raised in Baldwin, New York, she first participated in the MSG Varsity Talent Show during her junior year of high school and subsequently rose to prominence in 2012 after appearing on the American television vocal talent show The Voice. She auditioned singing <a href=""https://www.last.fm/music/Melanie+Martinez"">Read more on Last.fm</a>",1778575,178942851,Jazmin Bean
YDKM," <a href=""https://www.last.fm/music/YDKM"">Read more on Last.fm</a>",5641,70851,GORESET
The Bedtime Orchestra," <a href=""https://www.last.fm/music/The+Bedtime+Orchestra"">Read more on Last.fm</a>",15366,89633,Alec Dufner
Workout Music," <a href=""https://www.last.fm/music/Workout+Music"">Read more on Last.fm</a>",10239,97750,Workout Music Tv
Kehlani,"Kehlani Ashley Parrish (born April 24, 1995), known professionally as Kehlani, is an American singer and songwriter. Kehlani is originally from Oakland, California where they achieved initial fame as a member of the teen pop group, Poplyfe, which was a finalist on America's Got Talent. Kehlani released their first mixtape Cloud 19, in 2014; followed by their sophomore mixtape You Should Be Here the next year. Their debut album SweetSexySavage was released in January 2017 to mainly positive reception <a href=""https://www.last.fm/music/Kehlani"">Read more on Last.fm</a>",1207346,45092458,Kiana Ledé
Scarlett Rome," <a href=""https://www.last.fm/music/Scarlett+Rome"">Read more on Last.fm</a>",7,12,no data
Movie Sounds Unlimited," <a href=""https://www.last.fm/music/Movie+Sounds+Unlimited"">Read more on Last.fm</a>",171386,1247632,Алан Сильвестри
Bebe Rexha,"Bleta Rexha, known professionally as Bebe Rexha, is an American singer and songwriter. After signing with Warner Records in 2013, Rexha received songwriting credits on Eminem's single ""The Monster"" and has also contributed songwriting to songs recorded by Shinee, Selena Gomez and Nick Jonas. Rexha released her debut EP in 2015, I Don't Wanna Grow Up, which saw the moderate commercial success of the singles ""I Can't Stop Drinking About You"" and ""I'm Gonna Show You Crazy"". <a href=""https://www.last.fm/music/Bebe+Rexha"">Read more on Last.fm</a>",1196802,32126886,Rita Ora
Cardi B,"Belcalis Marlenis Almánzar (born October 11, 1992), known professionally as Cardi B, is an American rapper and songwriter. Born and raised in New York City, she became an Internet celebrity by achieving popularity on Vine and Instagram. From 2015 to 2017, she appeared as a regular cast member on the VH1 reality television series Love & Hip Hop: New York, which depicted her pursuit of her music aspirations. She released two mixtapes—Gangsta Bitch Music, Vol. 1 and Vol. 2, before signing with label Atlantic Records in early 2017. <a href=""https://www.last.fm/music/Cardi+B"">Read more on Last.fm</a>",1837477,55313435,Latto
Variation 5," <a href=""https://www.last.fm/music/Variation+5"">Read more on Last.fm</a>",373,1086,Geeno Smith
POP ETC,"POP ETC is an American indie band from Berkeley, California. The band was formerly known as The Morning Benders. 

As The Morning Benders the band released a number of EPs and two full-length albums: Talking Through Tin Cans (2008) and Big Echo (2010). 

On March 25, 2012, the band posted on Facebook and Twitter that the band's name would be changed to POP ETC. Their first album under the new name is the self-titled POP ETC (2012).

The band consists of Julian Harmon, Tim Or, Jonathan Chu and Christopher Chu.

Website: www.popetcetera.com <a href=""https://www.last.fm/music/POP+ETC"">Read more on Last.fm</a>",128140,886932,Imperial Mammoth
The Higher,"Just because The Higher can bust out pop tunes, it doesn't mean that's what defines them. Their first two albums, Histrionics (2005) and On Fire (2007), branded the band's trademark sound of R&B and pure rock. ""We fuse the rock and R&B that we know, and put it into our own words,"" founding member and bassist Jason ""Face"" Centeno says, citing Michael Jackson, The Dream, Al Green, Jimmy Eat World, and Maroon 5 as influences.

Now seven years since they first formed in 2002 <a href=""https://www.last.fm/music/The+Higher"">Read more on Last.fm</a>",146367,2464008,Hit the Lights
Aryana León," <a href=""https://www.last.fm/music/Aryana+Le%C3%B3n"">Read more on Last.fm</a>",68,257,"Yaadcore, Pressure Busspipe & I Wayne"
Will Berger," <a href=""https://www.last.fm/music/Will+Berger"">Read more on Last.fm</a>",2141,13843,Andrés Galván
Yeah Yeah Yeahs,"Yeah Yeah Yeahs is an American rock band formed in New York City in 2000. The group is composed of vocalist Karen O, guitarist Nick Zinner, and drummer Brian Chase. The band has recorded five studio albums; originally signed to independent Touch and Go Records, their first four albums were released by major record label Interscope. The first, Fever to Tell, was released in 2003. The second, Show Your Bones, was released in 2006 and was named the second best album of the year by NME. <a href=""https://www.last.fm/music/Yeah+Yeah+Yeahs"">Read more on Last.fm</a>",3408264,108672658,The Kills
Grewsum,"GrewSum is a 23 year old hardcore/horrorcore/hip hop rapper from Iowa. His first cd, The Donnie Darkflow EP, came out in 2006. Then he put out Darkflow 2.0 in 2007, was on Mission Infect's Chemical Threats double cd, put out a free cd called The Pheonix on New Year's of '07, then in '08 put out a mixtape called IA Boyz Vol. 1 on April 1st 2008 with the rapper Bubbz. Then he put out A Near Life Experience in the summer of '08. GrewSum has worked with many artists like BG Bulletwound <a href=""https://www.last.fm/music/Grewsum"">Read more on Last.fm</a>",1724,84610,Mission Infect
All-4-One,"All-4-One is a male soul and rnb group, best known for their hit single ""I Swear"" from their self-titled 1994 debut album. ""I Swear,"" a remake of the country hit from John Michael Montgomery, won the 1995 Grammy Award for Best Pop Performance By A Duo Or Group With Vocal and enjoyed an eleven-week run at #1 on the Billboard Hot 100 as well as a seven-week run at #2 in the U.K. Praised for their four-part harmonies and smooth sound, they had their most success in the 90s. <a href=""https://www.last.fm/music/All-4-One"">Read more on Last.fm</a>",322719,1692450,K-Ci & JoJo
Lilly Gray," <a href=""https://www.last.fm/music/Lilly+Gray"">Read more on Last.fm</a>",495,1941,Don Blaine
Anne-Marie,"Essex, England-born Anne-Marie Nicholson was no stranger to performing by the time her debut EP dropped in 2015, having shared the stage as a 12-year-old with none other than Jessie J in a West End production of Whistle Down the Wind. She also auditioned for Les Misérables without telling her parents, and was offered a part. It was a risk that paid off, as it served to open her parents' eyes to her singing ability. Aside from West End commitments <a href=""https://www.last.fm/music/Anne-Marie"">Read more on Last.fm</a>",977876,17124573,Rita Ora
Olly Alexander (Years & Years),"Oliver Alexander Thornton (born 15 July 1990), known professionally as Olly Alexander, is an English singer, actor and LGBT activist.

He rose to prominence as the lead singer of the pop band Years & Years, who achieved two number-one albums on the UK Albums Chart, a number-one single, and five top ten entries on the UK Singles Chart. Between 2021 and 2023, he continued to release music under the name until their dissolution in 2024.

Alexander represented the United Kingdom in the Eurovision Song Contest 2024 in Malmö <a href=""https://www.last.fm/music/Olly+Alexander+(Years+&+Years)"">Read more on Last.fm</a>",324664,3333901,Mustii
no data,no data,no data,no data,no data
Mabel,"Mabel Alabama Pearl McVey (born on 19 February 1996 in Málaga, Spain) is a British singer and songwriter. She is the daughter of Swedish hit singer Neneh Cherry and British hit producer Cameron McVey. At age fifteen, Mabel enrolled at the Stockholm music school Rytmus Musikergymnasiet, a music high school, where she took a three-year course in songwriting, production and music theory.

Mabel released her debut single ""Know Me Better"" in July 2015, which caught the attention of BBC Radio 1 DJ Annie Mac, who made the song her Tune of the Week. <a href=""https://www.last.fm/music/Mabel"">Read more on Last.fm</a>",617460,11660193,Rita Ora
70s greatest hits," <a href=""https://www.last.fm/music/70s+greatest+hits"">Read more on Last.fm</a>",6475,49712,70s Love songs
Panic! at the Disco,"Panic! at the Disco were an American pop rock band from Las Vegas, Nevada, formed in 2004 by childhood friends Ryan Ross, Spencer Smith, Brent Wilson, and Brendon Urie. Following several lineup changes, Panic! began operating as the solo project of frontman Urie from 2015 until the project's discontinuation in 2023.

Panic! at the Disco recorded their first demos while they were in high school. Shortly after, the band recorded and released their debut studio album, A Fever You Can't Sweat Out (2005). <a href=""https://www.last.fm/music/Panic%21+at+the+Disco"">Read more on Last.fm</a>",3796620,227907483,Fall Out Boy
Imagine Dragons,"Imagine Dragons are a pop band which formed in 2008 in Las Vegas, Nevada, United States. The band consists of Dan Reynolds (vocals), Wayne Sermon (guitar) and Ben McKee (bass) . The band released four EPs - ""Imagine Dragons"" (2009), ""Hell and Silence"" (2010), ""It's Time"" (2011) and ""Continued Silence"" (2012) - before releasing their debut full length album ""Night Visions"" on 4 September 2012.

The band's single ""It's Time"", which previously appeared on the ""It's Time"" and ""Continued Silence"" EPs in addition to appearing on ""Night Visions"" <a href=""https://www.last.fm/music/Imagine+Dragons"">Read more on Last.fm</a>",3381991,198613561,OneRepublic
Sueco,"William Schultz (b. January 28, 1997), better known by his stage name Sueco, (previously Sueco The Child), is an American rapper and producer coming from Los Angeles, California.

Sueco started gaining attention by uploading various videos on Instagram of him making beats out of many different things, but he didn’t reach the mainstream attention until his hit single “fast” (originally released on April 1, 2019) blew up out of no where due to it going viral on TikTok. <a href=""https://www.last.fm/music/Sueco"">Read more on Last.fm</a>",277375,11441984,MOD SUN
DJ ReMix Factory," <a href=""https://www.last.fm/music/DJ+ReMix+Factory"">Read more on Last.fm</a>",18192,96469,Lingyi
2022 Hit Songs Music Mix," <a href=""https://www.last.fm/music/2022+Hit+Songs+Music+Mix"">Read more on Last.fm</a>",563,1554,Gaming Music 2022
Jaymes Young,"Jaymes Young is a 31-year-old Los Angeles singer-songwriter born and raised in Seattle.
 
Released in May, 2013, Young’s Dark Star EP received immediate label interest and blog acclaim upon its release – being featured by the likes of Nylon Magazine, Earmilk, and Noisey, as well as topping the #1 spot numerous times on Hype Machine’s “Most Popular Tracks” list.

Having just finished a North America & UK tour this fall with British indie pop trio London Grammar <a href=""https://www.last.fm/music/Jaymes+Young"">Read more on Last.fm</a>",900534,14214108,Ruelle
Lizzo,"Melissa Jefferson (born April 27, 1988 in Detroit, Michigan, U.S.), known professionally as Lizzo, is an American rapper and singer. She is a founding member of indie hip hop groups The Chalice, Grrrl Prty, The Clerb, Ellypseas, and Absynthe. Her debut album, Lizzobangers, was released in 2013. In 2015, she released her sophomore album, Big Grrrl Small World.

Born in Detroit in the late 80’s, Lizzo spent much of her formative years in the church <a href=""https://www.last.fm/music/Lizzo"">Read more on Last.fm</a>",1464686,47213310,Chlöe
hayden kolb," <a href=""https://www.last.fm/music/hayden+kolb"">Read more on Last.fm</a>",1397,12445,Kazumichi Komatsu
Linkin Park,"Linkin Park is an American rock band from Agoura Hills, California. The band's current lineup comprises of vocalist/rhythm guitarist/keyboardist Mike Shinoda, lead guitarist Brad Delson, bassist Dave Farrell, DJ/turntablist Joe Hahn, drummer Colin Brittain, and lead vocalist Emily Armstrong. Shinoda, Delson, Farrell and Hahn are founding members. Vocalists Mark Wakefield, Chester Bennington & drummer Rob Bourdon are former members of the band. Categorized as alternative rock <a href=""https://www.last.fm/music/Linkin+Park"">Read more on Last.fm</a>",5668557,477731778,Mike Shinoda
Ava Max,"Amanda Ava Koci (born February 16, 1994), known professionally as Ava Max, is an American singer and songwriter. Ava first got her start in the music industry in 2008 as Amanda Kay, in which she released her first EP titled “Amanda Kay” that year. The EP featured 6 songs that were co-written and produced by Kevin Rudolf. 

Ava would then restart her music career under the name AVA in 2013 and release the single, “Take Away the Pain”.  A year later, she would meet music producer Cirkut and begin recording songs with him. <a href=""https://www.last.fm/music/Ava+Max"">Read more on Last.fm</a>",1223821,51460416,Bebe Rexha
Gen Pop,"l o - f i 
b e d r o o m 
p o p

Noise rock band from Toronto, Ontario. <a href=""https://www.last.fm/music/Gen+Pop"">Read more on Last.fm</a>",2529,20066,Jens-Uwe Beyer
Ashley Craig," <a href=""https://www.last.fm/music/Ashley+Craig"">Read more on Last.fm</a>",1615,5436,Sophia Atwood
The Jagged Edges," <a href=""https://www.last.fm/music/The+Jagged+Edges"">Read more on Last.fm</a>",3453,11706,Chelsea Lee Greenwood
Trinix Remix," <a href=""https://www.last.fm/music/Trinix+Remix"">Read more on Last.fm</a>",55570,494141,no data
Lona.," <a href=""https://www.last.fm/music/Lona."">Read more on Last.fm</a>",21,217,no data
Red Letter Day,"Red Letter Day has been the name of at least eight different bands:  

1. A punk band from the Portsmouth region of the UK; 

2. a folk/blues band from the Eastern US that consisted of Suzanna Mallow and Andrea Jones (and does not appear to be recording any longer); 

3. a hard rock band from the Virginia region of the US that mostly performs live. 

4. A pop band from Hamburg, Germany, 1989-1994. 

5. A  punk rock band from South Florida comprised of ex-members of As Friends Rust, before they became The Rocking Horse Winner. <a href=""https://www.last.fm/music/Red+Letter+Day"">Read more on Last.fm</a>",2924,24080,Stereoblis
Claire Bell," <a href=""https://www.last.fm/music/Claire+Bell"">Read more on Last.fm</a>",120,354,Eva Cooper
MICHELANGEL0," <a href=""https://www.last.fm/music/MICHELANGEL0"">Read more on Last.fm</a>",174,6325,Age Coin
Pleytime," <a href=""https://www.last.fm/music/Pleytime"">Read more on Last.fm</a>",30,145,Sam Franklin
Invadable Harmony," <a href=""https://www.last.fm/music/Invadable+Harmony"">Read more on Last.fm</a>",281134,2281608,Lucas King
Lady Gaga,"Stefani Joanne Angelina Germanotta, known professionally as Lady Gaga, (born March 28, 1986 in New York, NY) is an American singer, songwriter and actress. She is known for her image reinventions and musical versatility. Gaga began performing as a teenager, singing at open mic nights and acting in school plays. She studied at Collaborative Arts Project 21, through the New York University Tisch School of the Arts, before dropping out to pursue a career in music. <a href=""https://www.last.fm/music/Lady+Gaga"">Read more on Last.fm</a>",6268361,612719077,Madonna
Emily The Band,"emily the band is a three-piece queer girl group based in Peoria, Illinois. <a href=""https://www.last.fm/music/Emily+The+Band"">Read more on Last.fm</a>",2071,15061,Sage Crosby
Popular Songs," <a href=""https://www.last.fm/music/Popular+Songs"">Read more on Last.fm</a>",688,4025,Travis Scott - Topic
Nasty Power," <a href=""https://www.last.fm/music/Nasty+Power"">Read more on Last.fm</a>",175,401,Heartbits
Lil Deela," <a href=""https://www.last.fm/music/Lil+Deela"">Read more on Last.fm</a>",5575,27720,Lil Golden Shades
Goldhouse,"Grant Harris, also known by his stage name Goldhouse, is an American DJ, producer, singer and songwriter, based in Chicago. He previously released music as Breathe Electric. <a href=""https://www.last.fm/music/Goldhouse"">Read more on Last.fm</a>",81200,617068,Cash Cash
Robin Schulz,"Robin Schulz (born 28 April 1987) is a German electronic DJ and producer. In 2013, he remixed the song ""Waves"" by Dutch hip hop artist, Mr. Probz. Another equally famous remix was his 2014 remix of the Lilly Wood & the Prick track ""Prayer in C"" from their 2010 album Invincible Friends. Both remixes have charted in many European countries, leading to international recognition. <a href=""https://www.last.fm/music/Robin+Schulz"">Read more on Last.fm</a>",1061495,18588881,Lost Frequencies
Twenty One Pilots,"Twenty One Pilots (stylized in all lowercase or as twenty øne piløts) is an American musical duo from Columbus, Ohio. Initially a band, the group was formed in 2009 by lead vocalist Tyler Joseph along with Nick Thomas and Chris Salih, who both left in 2011. Since their departure, the line-up has consisted of Joseph and drummer Josh Dun. The duo is best known for their singles ""Stressed Out"", ""Ride"", and ""Heathens"". The group received a Grammy Award for Best Pop Duo/Group Performance at the 59th Annual Grammy Awards for ""Stressed Out"". <a href=""https://www.last.fm/music/Twenty+One+Pilots"">Read more on Last.fm</a>",2493561,243483193,no data
Demi Lovato,"Demetria Devonne Lovato, professionally known as Demi Lovato, is an American singer, songwriter and actress. After appearing on the children's television series Barney & Friends (2002–2004), Lovato rose to prominence for playing Mitchie Torres in the musical television film Camp Rock (2008) and its sequel Camp Rock 2: The Final Jam (2010); the former film's soundtrack contained ""This Is Me"", Lovato's debut single and duet with Joe Jonas, which peaked at number nine on the Billboard Hot 100. <a href=""https://www.last.fm/music/Demi+Lovato"">Read more on Last.fm</a>",2677857,146900671,Demi Lovato & Joe Jonas
Todays Top Hits," <a href=""https://www.last.fm/music/Todays+Top+Hits"">Read more on Last.fm</a>",1152,4688,2022 Hit Songs Music Mix
Secret American," <a href=""https://www.last.fm/music/Secret+American"">Read more on Last.fm</a>",4318,20191,Gaspard Eden
Deee-Lite,"Deee-Lite was a dance music group formed in 1986 in Williamsburg, Brooklyn and playing in NYC fusing house music, hip-hop/rap, funk and techno- before there was a word for techno.  Lady Miss Kier named their production company ""Sampladelic""  and described their music as holographic techno-soul.  They were dedicated to outrageous live shows handing out daisies, projecting Captain Whizzo's psychedelic lightshow, employing voguers and other free-styling club dancers as opposed to rigid formation choreography <a href=""https://www.last.fm/music/Deee-Lite"">Read more on Last.fm</a>",665109,5239326,Ce Ce Peniston
Paramore,"Paramore is an alternative rock band formed in Franklin, Tennessee, United States in 2003. The band currently consists of Hayley Williams (vocals, keyboard), Taylor York (guitar) and Zac Farro (drums). They have released six studio albums: All We Know Is Falling, RIOT! , Brand New Eyes, their first Billboard 200 chart topper Paramore, After Laughter and their grammy winning sixth studio album This is Why .

Paramore, as a quartet, released their debut studio album, All We Know Is Falling, in 2005. <a href=""https://www.last.fm/music/Paramore"">Read more on Last.fm</a>",4426608,386198536,Hayley Williams
Makenzie," <a href=""https://www.last.fm/music/Makenzie"">Read more on Last.fm</a>",3739,14398,Kate Stewart
Conan Gray,"Conan Gray is an American singer-songwriter and social media personality. He was born on December 5, 1998, in Lemon Grove, California. As an infant, his family moved to Hiroshima, Japan and shortly after returned to California, before settling in Georgetown, Texas.

He started his career on YouTube under his channel 'ConanxCanon' before officially changing to 'Conan Gray'. While on his time on YouTube he released multiple original songs, with the <a href=""https://www.last.fm/music/Conan+Gray"">Read more on Last.fm</a>",1794243,151519849,Gracie Abrams
William Wild,"William Wild is an  Alt/Folk band based out of Knoxville, Tenn. The group formed in November of 2013 and released their self-titled album in April of 2014. Their music is best described as ambient folk/rock akin to Ben Howard or Bon Iver. You can find their new album on iTunes. <a href=""https://www.last.fm/music/William+Wild"">Read more on Last.fm</a>",44158,179660,Sam Brookes
Ryan Beatty,"Ryan Kevin Beatty (born September 25, 1995), known professionally as simply Ryan Beatty, is an American singer-songwriter from Clovis, California.

By the end of 2009, at the age of 14, Ryan started uploading videos to his sister’s YouTube account… and then the social media world took notice; hundreds of thousands of people started becoming aware of Ryan’s vocal ability, charm and star-potential. 

On February 25, 2011, Ryan created his own YouTube Channel and started posting covers of popular songs on there <a href=""https://www.last.fm/music/Ryan+Beatty"">Read more on Last.fm</a>",328673,9204963,Maggie Rogers
The Living Strange,"From Brooklyn, New York, USA <a href=""https://www.last.fm/music/The+Living+Strange"">Read more on Last.fm</a>",988,5763,soklo
Fitz and the Tantrums,"Fitz and the Tantrums are an American soul group from Los Angeles, California. The group was founded in 2008 by Michael Fitzpatrick, who had begun writing soul music for a solo project on an old church organ he had purchased. He added friend James King to the group as an arranger and soon after expanded the band to a seven-piece, including several horns. Fitzpatrick shares the vocal duties with Noelle Scaggs. Other members include Joseph Karnes, Jeremy Ruzumna, and John Wicks. <a href=""https://www.last.fm/music/Fitz+and+the+Tantrums"">Read more on Last.fm</a>",1493562,21367141,Saint Motel
charmplay," <a href=""https://www.last.fm/music/charmplay"">Read more on Last.fm</a>",374,3371,Only Seven Left
Janet Jackson,"Janet Damita Jo Jackson (born May 16, 1966 in Gary, IN) is an American singer, songwriter, producer, actress and dancer. She is noted for her innovative, socially conscious and sexually provocative records, as well as elaborate stage shows. Her sound and choreography became a catalyst in the growth of MTV, enabling her to rise to prominence while breaking gender and racial barriers in the process. Lyrical content which focused on social issues set her reputation as a role model for youth. <a href=""https://www.last.fm/music/Janet+Jackson"">Read more on Last.fm</a>",1796317,45045452,Mariah Carey
Klaye Creation," <a href=""https://www.last.fm/music/Klaye+Creation"">Read more on Last.fm</a>",18,77,no data
Tito Hernandez," <a href=""https://www.last.fm/music/Tito+Hernandez"">Read more on Last.fm</a>",0,0,no data
Jonas Brothers,"The Jonas Brothers are an American pop rock band. Formed in 2005, they gained popularity from the Disney Channel children's television network and consists of three brothers from Wyckoff, New Jersey; Kevin Jonas, Joe Jonas and Nick Jonas. 

In the summer of 2008, they starred in the Disney Channel Original Movie Camp Rock and its sequel, Camp Rock 2: The Final Jam. They also starred as Kevin, Joe, and Nick Lucas, the band JONAS, in their own Disney Channel series JONAS, which was later re-branded for its second season as Jonas L. <a href=""https://www.last.fm/music/Jonas+Brothers"">Read more on Last.fm</a>",1713847,48774906,Nick Jonas & the Administration
Bash & Pop,"Bash & Pop is an American alternative rock group formed in 1992 by Tommy Stinson in Minneapolis, Minnesota, following the breakup of the Replacements. It released one album before disbanding in 1994. Tommy Stinson reformed the band in 2016 with a new lineup and album

Stinson, who had played bass for the Replacements, switched to guitar and lead vocals for this project. Joining him were latter-day Replacements drummer Steve Foley, Steve's brother Kevin on bass and guitarist Steve Brantseg. <a href=""https://www.last.fm/music/Bash+&+Pop"">Read more on Last.fm</a>",13722,142940,Paul Westerberg
R!,"R! are a band bringing together 5 Melbourne musicians from several other bands who were looking for something else... Something extraordinary which involved imagery of pirates and pirate cats, yet with music which had absolutely nothing to do with either of those things.

The result is R!. Playing funky jazz grooves that rock your shoulders and the sides of your mouth, R! enjoy being poetic, yet tolerable. Some may even say enjoyable, or danceable.  <a href=""https://www.last.fm/music/R%21"">Read more on Last.fm</a>",224,1198,Try the Fish
Galantis,"Featuring Christian Karlsson of Miike Snow and Linus Eklöw from Style of Eye, Galantis are a Swedish superduo who represent the place where EDM and pop meet. Karlsson (the man behind hits like Britney Spears' ""Toxic"") met Eklöw (the man behind hits like Icona Pop's ""I Love It"") at the Robotberget studio in Stockholm. Their mutual admiration society turned into a project once they began discussing a more poignant style of EDM that retained pop's passion. <a href=""https://www.last.fm/music/Galantis"">Read more on Last.fm</a>",1286127,23707504,Sigala
Carl Watson," <a href=""https://www.last.fm/music/Carl+Watson"">Read more on Last.fm</a>",343,620,R. Roland
jxdn,"Born Jaden Hossler, in Dallas, TX, jxdn struggled to find his voice in high school as an outsider. In 2018, he took control and developed a presence online through a consistent stream of engaging and clever content. He quietly exploded on Tik Tok, attracting 9.3 million followers and 283.8 million likes. After witnessing an arena show by the late Juice WRLD, he dove headfirst into music and unleashed his independent debut single “Comatose.” The <a href=""https://www.last.fm/music/jxdn"">Read more on Last.fm</a>",304789,9306401,MOD SUN
bazzi,"Andrew Bazzi (born August 28, 1997), known by his surname, Bazzi (/ˈbɑːzi/ BAH-zee), is an American singer-songwriter and record producer. His song ""Mine"", released in October 2017, gained popularity in early 2018 when it became a meme through Musical.ly edits, and the use of a Snapchat lens filter featuring the song. It peaked at number 11 on the US Billboard Hot 100 and appeared on several international charts. He released his debut studio album COSMIC in 2018, which peaked at number 14 on the Billboard 200 chart. <a href=""https://www.last.fm/music/bazzi"">Read more on Last.fm</a>",1151723,28768466,no data
CU," <a href=""https://www.last.fm/music/+noredirect/CU"">Read more on Last.fm</a>",231,1221,no data
Tove Lo,"Ebba Tove Elsa Nilsson, known professionally as Tove Lo, is a Swedish singer and songwriter. She is known for her raw, grunge-influenced take on pop music. Her honest, complex and autobiographical lyrical content has led to her being dubbed ""the saddest girl in Sweden"".

Raised in the Djursholm district of Danderyd, Lo is an alumna of the music school Rytmus Musikergymnasiet. She formed the rock band Tremblebee in 2006. After it disbanded, Lo pursued a career in songwriting and earned a publishing deal with Warner/Chappell Music in 2011. <a href=""https://www.last.fm/music/Tove+Lo"">Read more on Last.fm</a>",1944024,99094420,Ellie Goulding
Of Monsters and Men,"Of Monsters and Men is an indie folk band which formed in 2010 in Keflavík/Garðabær, Iceland. The band consists of Nanna Bryndís Hilmarsdóttir (vocals, guitar), Ragnar Þórhallsson (vocals, guitar), Brynjar Leifsson (guitar), Kristján Páll Kristjánsson (bass), Arnar Rósenkranz Hilmarsson (drums) and the former member  Árni Guðjónsson (keyboards, accordion), who left the band in 2012. The band released their debut album ""My Head Is an Animal"" in September 2011. <a href=""https://www.last.fm/music/Of+Monsters+and+Men"">Read more on Last.fm</a>",2003933,61708487,Nanna
Dasha,"There are multiple artists named Dasha: 1) a Czech singer,  2) a Mexican band; 3) an American pop and country singer 4) an indie rock/emo band from Rochester NY active from 2007 to 2010.

1) Dasha is the stage name of Dagmar Sobková, a female pop singer and actress from the Czech Republic. She released her debut album ""...do peřin"" in 1997, after which she focused on her theater career. She came back in 2017 with her second album ""Konečně"", which reached #6 in the Czech chart. <a href=""https://www.last.fm/music/Dasha"">Read more on Last.fm</a>",320269,3029174,Shaboozey
Believe Sunshine," <a href=""https://www.last.fm/music/Believe+Sunshine"">Read more on Last.fm</a>",178,300,The Malibus Bro'
Jack Willis," <a href=""https://www.last.fm/music/Jack+Willis"">Read more on Last.fm</a>",1010,3011,Brook St
FAOUZIA,"Born in Morocco and raised in the Canadian prairies, Faouzia combines catchy pop rhythms, heartfelt lyrics, and powerhouse vocals.

After playing hometown dates at local festivals in 2016, Faouzia’s burgeoning career started to blossom. She has since taken the stage at Toronto’s Yonge & Dundas Square for Canada’s Walk Of Fame Festival, and played one high profile event after another, wowing audiences with her heart-wrenching lyrics and magnetic stage presence. <a href=""https://www.last.fm/music/FAOUZIA"">Read more on Last.fm</a>",244738,5132317,no data
Lilly Oxford," <a href=""https://www.last.fm/music/Lilly+Oxford"">Read more on Last.fm</a>",3393,11939,James Major
Teddy Swims,"Jaten Dimsdale, known by his moniker, Teddy Swims, is an American Singer-songwriter from Atlanta, GA.

Teddy grew up navigating different worlds: he was a football player, a musical theater student and the grandson of a Pentecostal pastor. Teddy was exposed to a wider variety of music than most “country boys”. In high school and over the next few years he was in several bands, genres ranging from 80’s hair metal, funk, modern metalcore, soul, and country alternative bands.  <a href=""https://www.last.fm/music/Teddy+Swims"">Read more on Last.fm</a>",602162,7397367,Victor Ray
Anthem Lights,"Anthem Lights is a pop/rock Christian boy band consisting of members Chad Graham, Caleb Grimm, Alan Powell, and Joey Stamper. The project began as a solo effort by Graham in collaboration with Powell. After deciding that the songs they had written would be better suited for a group, they joined with Grimm and former member Kyle Kupecky and released their first EP as a group under the name Yellow Cavalier. After changing their name to Anthem Lights <a href=""https://www.last.fm/music/Anthem+Lights"">Read more on Last.fm</a>",138333,1529312,Tenth Avenue North
pinkpantheress,"Victoria Beverly Walker, better known by her stage name PinkPantheress is an English singer, songwriter, and record producer from Bath, England, born to a Kenyan mother, who works as a carer, and an English father, who works as an academic and is based in the United States. In her early teens, she was the lead singer in a My Chemical Romance cover band, and performed with them for the first time at a school fête. While attending secondary school in Kent, she started writing music to help a friend before eventually writing music on her own. <a href=""https://www.last.fm/music/pinkpantheress"">Read more on Last.fm</a>",1982201,145421801,no data
Charli XCX,"Charlotte Emma Aitchison, known professionally as Charli xcx, is an English singer and songwriter. Born in Cambridge and raised in Start Hill, Essex, she began posting songs on MySpace in 2008, which led to her discovery by a promoter who invited her to perform at warehouse raves and parties. In 2010, she signed a recording contract with Asylum Records, releasing a series of singles and mixtapes throughout 2011 and 2012.

In 2012, Charli xcx rose to prominence with the Icona Pop collaboration ""I Love It"" <a href=""https://www.last.fm/music/Charli+XCX"">Read more on Last.fm</a>",2773874,401491488,no data
Scary Pockets,"A funk band that releases weekly music videos, in pursuit of the funk. Scary Pockets is  Ryan Lerman and  Jack Conte, with the help and support from a rotating roster of the best session musicians in the LA area. <a href=""https://www.last.fm/music/Scary+Pockets"">Read more on Last.fm</a>",126495,2562239,Cory Wong
Clara Sparks," <a href=""https://www.last.fm/music/Clara+Sparks"">Read more on Last.fm</a>",71,248,no data
Moon Gem," <a href=""https://www.last.fm/music/Moon+Gem"">Read more on Last.fm</a>",4206,17175,Augustus Wright
Sassydee," <a href=""https://www.last.fm/music/Sassydee"">Read more on Last.fm</a>",13393,59038,alegra
Shallou,"Joe Boston, professionally known as stage name Shallou, is a Los Angeles based producer, singer, and environmentalist, who produces ambient, house melodies and soulful vocals that have carved a niche in the Electronic and Indie scenes. His debut EP, All Becomes Okay, was self-released on May 12, 2017. <a href=""https://www.last.fm/music/Shallou"">Read more on Last.fm</a>",331394,3948278,Kasbo
Topic,"There are several artists with the name Topic.

1. Tobias Topic (born March 23, 1992) is a Croatian-German DJ, producer and musician. In 2008, he started using Logic Studio, a digital audio workstation, to produce music with the guidance of a teacher. He started his musical career on social media with the assistance of YouTube musicians who contacted him.

Topic's first release, a house song called ""Light It Up"", was released at the end of 2014 and reached more than one million views on his YouTube channel. <a href=""https://www.last.fm/music/Topic"">Read more on Last.fm</a>",463895,5171149,Felix Jaehn
Kiiara,"Kiara Saulters (born May 24, 1995), known professionally as Kiiara, is an American singer and songwriter from Wilmington, Illinois. Her debut track 'Gold' was released in June 2015 to some acclaim, peaking at #13 on the Hot 100 in October 2016. Her second single, 'Tennessee', was similarly well received. 

Slightly left-of-center pop artist Kiiara is a breathy vocalist whose output falls somewhere between that of Jhené Aiko and Lorde. Born in May 24 <a href=""https://www.last.fm/music/Kiiara"">Read more on Last.fm</a>",549132,6262315,Terror Jr
Ricky Montgomery,"Ricky Montgomery was born in Los Angeles, California on April 3, 1993.

His father was a gaffer and his mother, a teacher. He moved to St. Louis with his mother in 2005 and began playing in bands around West St. Louis County at the age of 14. Before his solo work, he released music with local St. Louis bands Adversary In Arms, Carpathia, and Henry On The Run.

After achieving success on Vine, Montgomery released his debut EP Caught On The Moon in the summer of 2014. Later, he extended the EP into a full debut album: Montgomery Ricky. <a href=""https://www.last.fm/music/Ricky+Montgomery"">Read more on Last.fm</a>",946937,32941245,The Honeysticks
Ava Watson," <a href=""https://www.last.fm/music/Ava+Watson"">Read more on Last.fm</a>",263,1114,Clarice Morris
Power Music Workout," <a href=""https://www.last.fm/music/Power+Music+Workout"">Read more on Last.fm</a>",33330,394337,Workout Music Tv
Charlie Puth,"Charles Otto Puth Jr. is an American singer, songwriter and record producer. His initial exposure came through the viral success of his song videos uploaded to YouTube.

Puth initially signed with the record label eleveneleven after performing on The Ellen DeGeneres Show, while songwriting and producing for other artists. With primary intent on a solo career, Atlantic Records and Artist Partner Group eventually sought the artist and released his debut single, ""Marvin Gaye"" (featuring Meghan Trainor), in 2015. <a href=""https://www.last.fm/music/Charlie+Puth"">Read more on Last.fm</a>",1823897,106735876,Benny Blanco
Forest Blakk,"Growing up in Montreal, with time spent in Florida and Jamaica, the singer/songwriter first took up guitar as a refuge from his chaotic home life, then spent years learning to channel his most complex emotions into song. With his breakthrough single “If You Love Her” —a fall 2020 release that marks his Billboard debut— Blakk has brought his heart-on-sleeve songwriting to a whole new level of resonance, again proving music’s power to transform both audience and artist. <a href=""https://www.last.fm/music/Forest+Blakk"">Read more on Last.fm</a>",184234,1753505,Clinton Kane
omar apollo,"Omar Apolonio Velasco (born May 20, 1997), known professionally as Omar Apollo, is a Mexican-American singer-songwriter from Hobart, Indiana. Apollo sings in both English and Spanish.

He started his career by creating and uploading his songs to the DIY streaming platform SoundCloud. During this time, he worked at Jimmy John's and Guitar Center and lived in an attic. In 2017, using $30 borrowed from a friend, he uploaded his song ""Ugotme"" to Spotify <a href=""https://www.last.fm/music/omar+apollo"">Read more on Last.fm</a>",1156499,48281267,no data
Emma Andrews," <a href=""https://www.last.fm/music/Emma+Andrews"">Read more on Last.fm</a>",19,26,no data
Daniel Seavey,"Daniel James Seavey (born April 2, 1999) is an American singer-songwriter, musician, and producer. He is 1/5 of the musical group, Why Don't We. In 2015, he appeared in the 14th season of American Idol with his rendition of Leonard Cohen's ""Hallelujah"". <a href=""https://www.last.fm/music/Daniel+Seavey"">Read more on Last.fm</a>",68615,1062948,Alex Sampson
Gayle,"Taylor Gayle Rutherford, known professionally as GAYLE, is an American singer-songwriter. After signing with Atlantic Records, she released the single ""abcdefu"" in 2021, which has charted worldwide and reached number one in the United Kingdom and Ireland.

GAYLE was born on June 10, 2004, in Dallas, Texas, United States. She is of Scottish descent. She started singing when she was seven and eventually moved to Nashville, Tennessee to pursue a musical career. <a href=""https://www.last.fm/music/Gayle"">Read more on Last.fm</a>",668777,7525671,no data
Kajagoogoo,"Kajagoogoo is an English pop band best known for its first single, ""Too Shy"", which reached Number 1 in the UK and Number 5 in the U.S in 1983. The single was produced by keyboardist Nick Rhodes of Duran Duran and Colin Thurston who was, at this time, Duran Duran's in-house producer.

The band was founded in Leighton Buzzard, Bedfordshire in 1979 as a four piece avant-garde instrumental group called Art Nouveau, with Nick Beggs on bass guitar, Steve Askew on lead guitar, Stuart Neale on keyboards and Jez Strode on drums. <a href=""https://www.last.fm/music/Kajagoogoo"">Read more on Last.fm</a>",406999,2710337,Naked Eyes
Bea And Her Business," <a href=""https://www.last.fm/music/Bea+And+Her+Business"">Read more on Last.fm</a>",48283,332006,no data
Top 40 Hits," <a href=""https://www.last.fm/music/Top+40+Hits"">Read more on Last.fm</a>",5265,16997,The Xmas Specials
Pop 2024," <a href=""https://www.last.fm/music/Pop+2024"">Read more on Last.fm</a>",2,4,no data
Will Shepard," <a href=""https://www.last.fm/music/Will+Shepard"">Read more on Last.fm</a>",5524,30839,Adam Lang
Oscar Welsh,"Oscar Welsh is an indie UK alt-pop artist in Amarrai Cabell's BHD Factory collective he has made waves from his tik tok videos he recently has went on a short hiatus but still has thousands of monthly listeners he's made appearances on Rolling Stone and other sites and has been placed in a lot of spotify editorials <a href=""https://www.last.fm/music/Oscar+Welsh"">Read more on Last.fm</a>",43349,282705,Oliver Malcolm
Sofía Reyes,"Sofia Reyes is a Mexican singer and songwriter who has been nominated twice to the Latin American Music Awards, MTV Europe Music Awards, Premios Juventud and Latin GRAMMYs among many others. She has amassed nearly one billion views on YouTube and two billion global streams with hits including 1,2,3 with Jason Derulo & De La Ghetto with more than 461 million streams and R.I.P featuring Rita Ora and Anitta, with more than 190 million streams. Chosen <a href=""https://www.last.fm/music/Sof%C3%ADa+Reyes"">Read more on Last.fm</a>",210935,2037462,Sofia Reyes
Michael Mayo," <a href=""https://www.last.fm/music/Michael+Mayo"">Read more on Last.fm</a>",7184,47693,Ryan Lerman
Kid Lennon," <a href=""https://www.last.fm/music/Kid+Lennon"">Read more on Last.fm</a>",713,2104,Live Percenters
Jenna Raine,"Jenna Raine Simmons (born February 17, 2004), also known as Jenna Raine, is a singer-songwriter from Westlake, Texas, and former member of the girl group L2M. Her early musical influences included Ed Sheeran, Taylor Swift, and gospel music. Her first single, ""Us,"" was released in 2018, and her first EP, ""Nen,"" followed in January 2019. Later that year, she toured with Max & Harvey and In Real Life before releasing her second EP, ""Be Like You,"" in November. <a href=""https://www.last.fm/music/Jenna+Raine"">Read more on Last.fm</a>",176911,1587448,Dylan Conrique
Ravyn Lenae,"Ravyn Lenae Washington (born January 22, 1999) is an American R&B singer-songwriter from Chicago who is currently signed to Atlantic Records and the Three Twenty Three Music Group. She is also a member of the musical collective Zero Fatigue. Her debut EP, Moon Shoes EP, was released independently in 2015 and reissued by Atlantic Records in 2016. Her follow-up EP, Midnight Moonlight EP, was released in 2017. In addition to performing at several music festivals, Lenae has also toured with SZA on her Ctrl Tour and Noname on her Telefone Tour. <a href=""https://www.last.fm/music/Ravyn+Lenae"">Read more on Last.fm</a>",541676,12708790,Solange
Ashley Price," <a href=""https://www.last.fm/music/Ashley+Price"">Read more on Last.fm</a>",13944,70294,Madilyn Bailey
Top 40 Hip-Hop Hits," <a href=""https://www.last.fm/music/Top+40+Hip-Hop+Hits"">Read more on Last.fm</a>",2011,7067,Top 40 Pop Hits
Jane Marie,"After a trip to Nashville, Jane was fortunate to be introduced to Producer, Craig Stull. Craig’s work can be heard on the television series, King of the Hill and Spin City. His film credits include Armageddon, My Best Friend’s wedding and Tin cup. He has also played guitar on albums for Shawn Colvin, Celin Deon, and is on Rick James’s upcoming album. For “Gypsy Cowgirl” Craig was inspired by the variety in Joni Mitchell’s album “Court and Spark” and chose to work with a wide spectrum of guitar influences that include cowboy <a href=""https://www.last.fm/music/Jane+Marie"">Read more on Last.fm</a>",412,19698,Patrik Ahlm
Justin Holt," <a href=""https://www.last.fm/music/Justin+Holt"">Read more on Last.fm</a>",675,6966,Jordan Rowe
Jordan Adetunji," <a href=""https://www.last.fm/music/Jordan+Adetunji"">Read more on Last.fm</a>",288123,3205819,GloRilla
Chelsea Locklear," <a href=""https://www.last.fm/music/Chelsea+Locklear"">Read more on Last.fm</a>",113,403,Wyld
Pop. 1280,"Pop. 1280 are a cyberpunk band from New York City. The Grid is their first 12"" release. Members include: Chris Bug, Ivan Lip, John Skultrane, and Andrew S. They got together in 2009 and have released two 7"" records, the most recent being a self-released single and split 7"" with Philadelphia's Hot Guts.

As dark and sinister as the Jim Thompson novel from which the band borrows their name, these nine dirges of skronky noir are the logical successor to the brand of skree practiced by forebearers the Chrome Cranks <a href=""https://www.last.fm/music/Pop.+1280"">Read more on Last.fm</a>",25139,320785,Gilla Band
The Marías,"Formed in Los Angeles in late 2016, The Marías are a smooth rendezvous of jazz percussion, hypnotic guitar riffs, smoke- velvet vocals and nostalgic horn solos, there’s something undeniably sensual in the group’s dreamlike fusion of jazz, psychedelia, funk and lounge.

Vocals/guitar – Maria
Drums/vox/producer – Josh
Lead guitar/vox – Jesse Perlman
Bass – Carter Lee
Keys – Edward James <a href=""https://www.last.fm/music/The+Mar%C3%ADas"">Read more on Last.fm</a>",1267764,60422438,Clairo
Bryten," <a href=""https://www.last.fm/music/Bryten"">Read more on Last.fm</a>",9,213,no data
benee,"Stella Bennett (born January 30, 2000), known professionally as Benee (/ˈbɛniː/, stylized BENEE, formerly spelled Bene) is a New Zealand musician from Grey Lynn in Auckland.

Stella Rose Bennett was born and raised in the suburb of Grey Lynn in Auckland. She grew up in a ""really musical"" family with parents who would expose her to the catalogs of Radiohead, Björk, and Groove Armada. From the age of eight, BENEE began taking guitar lessons in primary school before starting saxophone lessons in high school. <a href=""https://www.last.fm/music/benee"">Read more on Last.fm</a>",816267,17101045,no data
Charlotte Reed," <a href=""https://www.last.fm/music/Charlotte+Reed"">Read more on Last.fm</a>",617,2288,Lilly Gray
Issey Cross,"Isabella Eliza Victoria Cross is an English musician. Her three features, on Wilkinson's ""Used to This"", Luude's ""Oh My"" featuring Moby, and Nathan Dawe & Bru-C's ""Oh Baby"" featuring bshp, charted on the UK Singles Chart at numbers 33, 98 and 35 respectively, and her solo single, ""Bittersweet Goodbye"", charted at No. 19. She is a member of  Loud LDN  <a href=""https://www.last.fm/music/Issey+Cross"">Read more on Last.fm</a>",67322,504251,Switch Disco
Johnny Yukon,"Johnny Yukon is a Los Angeles-based, Philadelphia-bred singer/songwriter and producer who began making waves in 2015 with his beat-heavy, urban pop confections on SoundCloud. As his internet profile increased, Yukon began drawing interest from labels, and eventually settled on Atlantic. In 2017 he issued a trio of singles that began with the infectious ""Laptop,"" which was co-produced by Drake collaborator Frank Dukes. He followed up that success two months later with ""Paper"" and ""Malibu Feels. <a href=""https://www.last.fm/music/Johnny+Yukon"">Read more on Last.fm</a>",118442,893227,Anfa Rose
Sia,"Sia Kate Isobelle Furler (/ˈsiːə/; born 18 December 1975) is an Australian singer-songwriter, record producer and music video director. She started her career as a singer in the local Adelaide acid jazz band Crisp in the mid-1990s. In 1997, when Crisp disbanded, she released her debut studio album titled OnlySee in Australia. She then moved to London, England, and provided lead vocals for the British duo Zero 7.

In 2000, Sia signed to Sony Music's sub-label Dance Pool and released her second studio album <a href=""https://www.last.fm/music/Sia"">Read more on Last.fm</a>",3629583,134732591,Adele
David Guetta,"Pierre David Guetta is a French DJ and music producer. He has sold over 10 million albums and 65 million singles globally, with more than 14 billion streams. In 2011, 2020, and 2021, Guetta was voted the number one DJ in the DJ Mag Top 100 DJs poll. In 2013, Billboard crowned ""When Love Takes Over"" as the number-one dance-pop collaboration of all time, with singer Kelly Rowland.

He released his first album, Just a Little More Love, in 2002. Later, he released Guetta Blaster (2004) and Pop Life (2007). <a href=""https://www.last.fm/music/David+Guetta"">Read more on Last.fm</a>",4518371,151798326,Calvin Harris
Nessa Barrett,"American singer and songwriter from New Jersey. Barrett rose to prominence on the video-sharing app TikTok in 2019, though she has since transitioned into making music. Barrett began her music career in mid-2020 with the release of her debut single ""Pain"".[1] Barrett is expected to release her debut EP Pretty Poison in late 2021.

In 2019, Barrett joined the social media platform TikTok. Despite transitioning into music, Barrett has accumulated over 16 million followers on the platform as of July 2021. <a href=""https://www.last.fm/music/Nessa+Barrett"">Read more on Last.fm</a>",660170,20488400,Maggie Lindemann
Eve Scott," <a href=""https://www.last.fm/music/Eve+Scott"">Read more on Last.fm</a>",15,25,no data
Charlotte Lawrence,"Charlotte Lawrence has been building steam since her first EP 'Young' came out in 2017 and was streamed in the millions, but over the course of 2020 the 20-year-old musician has slowed down, consolidated and spent the time discovering her voice, her style, her story. Over FaceTime from the floor of her bedroom in Los Angeles, she talks with unbridled enthusiasm at a hundred miles an hour about her sonic influences, her life inspirations, her struggles, her hopes and dreams. <a href=""https://www.last.fm/music/Charlotte+Lawrence"">Read more on Last.fm</a>",464493,6583883,Olivia O'Brien
Le Monkey," <a href=""https://www.last.fm/music/Le+Monkey"">Read more on Last.fm</a>",225,1348,Linctus
Stain hung over," <a href=""https://www.last.fm/music/Stain+hung+over"">Read more on Last.fm</a>",73,1395,Nonfiction Cartoons
Benson Boone,"Benson Boone (born Benson James Boone in Monroe, Washington, on June 25th 2002)  is an American singer-songwriter, multi-instrumentalist and social media star with millions of followers on TikTok. He participated on the 19th Season of US TV show American Idol and made it to Hollywood Week but decided to leave the show. His debut single, Ghost Town, was released on 15 October 2021 by Street/Warner Records. 

Boone is known for his intimate and confessional pop songs, which quickly win over audiences. <a href=""https://www.last.fm/music/Benson+Boone"">Read more on Last.fm</a>",861820,19495555,Luke Hemmings
Natalie Summer," <a href=""https://www.last.fm/music/Natalie+Summer"">Read more on Last.fm</a>",16391,71477,Ruth Lena Landgraf
Dua Lipa,"Dua Lipa (born August 22, 1995) is an English-Albanian singer-songwriter. She was born in London of refugee parents from the Republic of Kosovo, growing up between both countries until fully moving back to London at age 15.

Dua Lipa began to write her name in the music industry. Lipa gained attention from the specialized media as an artist after the release of her debut album in 2017,  ""Dua Lipa"" (self-titled). It won the third position on the UK Albums Chart and featured eight singles. <a href=""https://www.last.fm/music/Dua+Lipa"">Read more on Last.fm</a>",2619173,246297591,Ava Max
Nala Williams," <a href=""https://www.last.fm/music/Nala+Williams"">Read more on Last.fm</a>",213,810,Ashley Craig
Maroon 5,"Maroon 5 is an American pop rock band that originated in Los Angeles, California, United States. The group was formed in 1994 as Kara's Flowers while its members were still in high school and originally consisted of Adam Levine (lead vocals, guitar), Jesse Carmichael (guitar, backing vocals) Mickey Madden (bass guitar) and Ryan Dusick (drums). Kara's Flowers signed to Reprise Records and released an album, ""The Fourth World"", in 1997. After a tepid response to the album <a href=""https://www.last.fm/music/Maroon+5"">Read more on Last.fm</a>",5491249,202772680,OneRepublic
Unholy,"There is more than one artist with this name.

1) Unholy was a Finnish doom metal band that was considerably influential to funeral doom and death-doom styles. They formed in the late '80s as Holy Hell, and changed their name to Unholy in 1990. They released two demos in 1990 (""Procession of Black Doom"" and ""Demo 11.90""), an EP ""Trip to Depressive Autumn"" in 1991 and four full-lengths: ""From the Shadows"" in 1993 on Lethal Records, ""The Second Ring of Power"" (1994), ""Rapture"" (1998) and ""Gracefallen"" (1999) on Avantgarde Music. <a href=""https://www.last.fm/music/Unholy"">Read more on Last.fm</a>",39271,563306,diSEMBOWELMENT
NAJU," <a href=""https://www.last.fm/music/NAJU"">Read more on Last.fm</a>",189,1153,Naju & Tute
Doja Cat,"Doja Cat rose from viral novelty track buzz to mainstream superstar with her smooth, hypnotic, R&B-flecked pop songs of sexuality, friendship, and personal power. She gained some significant attention with her early releases, but it was her 2019 sophomore effort, Hot Pink, that took her to the top of the Hot 100. Subsequent charting singles and collaborations with SZA and Saweetie further solidified her star power, and made the arrival of her 2021 album Planet Her all the more hotly anticipated. <a href=""https://www.last.fm/music/Doja+Cat"">Read more on Last.fm</a>",2744660,322128325,SZA
Rae Sremmurd,"Rae Sremmurd ( /ˈreɪ ʃrˈɪmɜːrd/) is an American hip hop duo originating from Tupelo, Mississippi formed by two brothers, Slim Jxmmi and Swae Lee. In 2013, they signed a record deal with Mike Will Made-It's EarDrummers imprint. In January 2015, the duo released their debut album SremmLife, which was certified platinum by the Recording Industry Association of America (RIAA). In August 2016, the duo released their second album, SremmLife 2. During that same year, the duo also created their own record label, called SremmLife Crew Records. <a href=""https://www.last.fm/music/Rae+Sremmurd"">Read more on Last.fm</a>",1441944,33038125,Migos
Shampoo,"There are five artists with the name Shampoo:
1. A British pop duo
2. A Belgian jazz rock band
3. A Brazilian rock band
4. An Atlanta, GA-based indie band
5. An anonymous underground house producer

1. Shampoo were a female pop duo recording between 1993 and 2000. Comprising of Jacqui Blake and Carrie Askew, Shampoo were most famous for their peroxide blonde hair, habitual wearing of sunglasses and their single Trouble. 

History
Jacqui Blake and <a href=""https://www.last.fm/music/Shampoo"">Read more on Last.fm</a>",76067,537050,Alisha's Attic
Metro Station,"Metro Station was a band that started in Los Angeles, California in 2006, playing a mixture of electronic music with pop rock and powerpop styles. Originally an indie sensation, they've signed to Columbia/Red Ink Records, and they're best known for their RIAA certified double-platinum single ""Shake It"", which they released from their self-titled debut album, 'Metro Station', in March 2008. Popularized mainly by their co-frontman Trace Cyrus, the band has experienced a boom in their record sales. <a href=""https://www.last.fm/music/Metro+Station"">Read more on Last.fm</a>",1066500,15685539,Breathe Carolina
Polar States," <a href=""https://www.last.fm/music/Polar+States"">Read more on Last.fm</a>",3388,19045,Al Moses
Minority 905," <a href=""https://www.last.fm/music/Minority+905"">Read more on Last.fm</a>",5547,39214,Terabrite
Billie Eilish,"Billie Eilish Pirate Baird O'Connell (born December 18, 2001), known professionally as Billie Eilish, is a Grammy and Academy Award-winning American singer and songwriter signed to Darkroom/Interscope Records. Born and raised in Los Angeles, Eilish grew up in a household of actors and musicians and was homeschooled along with her brother Finneas O'Connell. At the age of eight, she joined the Los Angeles Children's Choir, developing the soulful vocals that would later appear on her early singles. <a href=""https://www.last.fm/music/Billie+Eilish"">Read more on Last.fm</a>",3245114,529421703,FINNEAS
Echosmith,"Echosmith is an alternative pop/rock band formed in Los Angeles, California in 2009. The band consists of the Sierota Siblings, Graham, Sydney and Noah. Graham plays drums, Sydney sings lead vocals and occasionally plays guitar or keys, Noah plays bass and sings backup vocals. Brother Jamie used to be the guitarist and sang backup vocals but left the band in 2016.

Echosmith signed to Warner Bros Records in May 2012. In 2012 they released a single <a href=""https://www.last.fm/music/Echosmith"">Read more on Last.fm</a>",883861,9957398,MisterWives
Heartbits," <a href=""https://www.last.fm/music/Heartbits"">Read more on Last.fm</a>",306,844,Nasty Power
208," <a href=""https://www.last.fm/music/+noredirect/208"">Read more on Last.fm</a>",717,8129,no data
Piano Dreamland," <a href=""https://www.last.fm/music/Piano+Dreamland"">Read more on Last.fm</a>",2027,9367,One Piano
Meghan Trainor,"Meghan Elizabeth Trainor (born December 22, 1993 in Nantucket, Massachusetts, U.S.) is an American singer-songwriter and television personality. Trainor rose to prominence with her 2014 debut single ""All About That Bass"", which topped the U.S. Billboard Hot 100 for eight consecutive weeks and topped the charts in other countries such as Australia, New Zealand, Canada, Germany, and the United Kingdom.

At age 17, Trainor won the worldwide Sonicbids 2011 Tennessee Concerts Song Contest with her song ""You're Good With Me. <a href=""https://www.last.fm/music/Meghan+Trainor"">Read more on Last.fm</a>",1689457,34874116,Ava Max
Urban Sound Collective," <a href=""https://www.last.fm/music/Urban+Sound+Collective"">Read more on Last.fm</a>",5746,22405,A Girl Named Sue
Ellie Goulding,"Ellie Goulding (born Elena Jane Goulding, 30 December 1986 in Hereford, England) is an English singer-songwriter. Having caught the public's attention in 2010 with her singles ""Starry Eyed"" and ""Guns and Horses,"" British vocalist Ellie Goulding quickly rose to the top of the charts with her infectious electronic pop sound. Although she started out writing songs in a folk-inflected style, she eventually grew into a more electronic-influenced artist, touching upon dance music and ambient synth pop. <a href=""https://www.last.fm/music/Ellie+Goulding"">Read more on Last.fm</a>",3218113,122086233,Rita Ora
Knox,"There are several artists/acts called Knox

1. Knox is British punk rock musician Ian M. Carnochan (born 4 September 1945 in Cricklewood, London, United Kingdom), who is perhaps best known as a founding member of British punk vband The Vibrators, but he also records under his own moniker. Born in London, he spent his formulative years in Cricklewood and then Watford, where he became interested in the guitar at the age of thirteen. He was in various school bands <a href=""https://www.last.fm/music/Knox"">Read more on Last.fm</a>",122211,2076929,Beauty School Dropout
Zoe Wees,"Zoe Wees is a German singer-songwriter. Born in Hamburg in 2002, Wees wrote music since she was a child and a finalist on “The Voice: Kids”. She released her debut single “Control” in 2019, which reached the Top 40 in France and Germany and the Top 10 in Belgium, while follow-up single “Girls Like Us”reached the Top 10 in Germany, Austria and Switzerland. Wees released her debut EP, Golden Wings, in May 2021. <a href=""https://www.last.fm/music/Zoe+Wees"">Read more on Last.fm</a>",232104,2311060,Michael Schulte
Julius Beat," <a href=""https://www.last.fm/music/Julius+Beat"">Read more on Last.fm</a>",3143,10928,Manuel T
BOH DORAN,"Boh Doran, a Midwestern native singer/songwriter and musician has been traveling and performing since she could barely walk. Influenced by the classic soul and rock writers of the 60s and 70s and laced with a blend of retro groove and modern indie pop production, Boh explores the deeper and sometimes darker side of the human heart. The collaboration with producer/writers Ethan Mentzer (The Click 5) and Jon Kaplan (New Politics, Ingrid Michaelson, A Great Big World) is set for an early 2015 release. <a href=""https://www.last.fm/music/BOH+DORAN"">Read more on Last.fm</a>",11601,55916,tiger la flor
Blue Swede,"Blue Swede was a Swedish pop/rock band from the early to mid-70s that succeeded with a few singles that covered other artists' material, played in a deliberately 'kitsch' and 'novelty' sound. The band was originally called ""Blåblus"" (Swedish for ""blue denim shirt"") and featured vocalist Björn Skifs of the band Slam Creepers singing the lead vocals. The band got their international break-through in 1974 with their cover of the 1969 B. J. Thomas ballad ""Hooked on a Feeling"" as adapted by British pop eccentric Jonathan King. <a href=""https://www.last.fm/music/Blue+Swede"">Read more on Last.fm</a>",759258,5167234,Looking Glass
Ultimate Pop Hits," <a href=""https://www.last.fm/music/Ultimate+Pop+Hits"">Read more on Last.fm</a>",6490,27078,Ultimate Dance Hits
Marshmello,"(1) Chris Comstock, better known by his stage name Marshmello, was born on May 19, 1992. He is an American electronic dance music producer and DJ. He first gained international recognition by remixing songs by Jack Ü and Zedd, and later collaborated with artists including Omar LinX, Ookay, Jauz and Slushii. In January 2017, his song ""Alone"" appeared on the U.S. Billboard Hot 100 chart.
In 2018, he released ""Friends"", a collaboration with British singer Anne-Marie which peaked in the top 20 in the US. <a href=""https://www.last.fm/music/Marshmello"">Read more on Last.fm</a>",2018560,51524006,Martin Garrix
Clean Bandit,"Clean Bandit are a British electronic group formed in 2009. The band consists of Jack Patterson (bass guitar, keyboard), Luke Patterson (drums) & Grace Chatto (cello). Their sound can be described as a ""fusion"" between classical and electronial music. They produce their own music whilst inviting guest singers on their tracks.

To date they have found their biggest hits include Mozart's House and the massive UK number one single, ""Rather Be"" with singer Jess Glynne which won the 2015 Grammy for Best Dance Recording <a href=""https://www.last.fm/music/Clean+Bandit"">Read more on Last.fm</a>",1967497,39556998,Jonas Blue
Michelle,"There are (at least) five female singers and two bands using the stage name 'Michelle':

1)  MICHELLE is a fresh musical collective hailing from New York City. Weaving in and out of R&B, Pop, Jazz and Indie sounds, the group of six pays homage to these genres through 70s inspired basslines, driving drum beats, plush synths and enticing vocals. Having recently celebrated their first year on the scene as an ensemble, MICHELLE is already solidifying itself as a strong current in a new wave of emerging NYC staples. <a href=""https://www.last.fm/music/Michelle"">Read more on Last.fm</a>",383256,5138463,Helene Fischer
#1 Pop Hits," <a href=""https://www.last.fm/music/%231+Pop+Hits"">Read more on Last.fm</a>",20,104,no data
NØOR," <a href=""https://www.last.fm/music/N%C3%98OR"">Read more on Last.fm</a>",12,135,no data
Joel Corry,"Joel Corry is a British DJ, producer and television personality. He rose to fame in 2019 with the release of his single ""Sorry"", with vocals by Hayley May, which reached number six on the UK Singles Chart. In 2020, Corry released the singles ""Lonely"" and ""Head & Heart."" <a href=""https://www.last.fm/music/Joel+Corry"">Read more on Last.fm</a>",712376,10146478,Nathan Dawe
