canciones,artistas,genero,tipo,año de lanzamiento
It’s Better For You,Underground Canopy,jazz,track,2020
Fast Cat,Kris Bowers,jazz,track,2020
Drunk,Jon Batiste,jazz,track,2020
Crepescule - Interlude,Tom Misch,jazz,track,2020
Studying Music Vibes,Erroll Garner,jazz,track,2020
Jazz Instrumental Vibes,Eddie Condon,jazz,track,2020
Bustin’ Out,Alabaster DePlume,jazz,track,2020
Just in Time,Anita Baker,jazz,track,2020
This Simulation Is A Good One,Shierro,jazz,track,2020
Taking It Easy,Nina Simone,jazz,track,2020
Si tu vois ma mère,Brendan Maynard + 2,jazz,track,2020
When Birds Fly to South,Athletic Progression,jazz,track,2020
It's a Blue World,Kris Bowers,jazz,track,2020
Country & Western,Ella Fitzgerald,jazz,track,2020
Bare Branches,Yazmin Lacey,jazz,track,2020
You Must Believe In Spring,Angelina Jordan,jazz,track,2020
Just A Little Bit,GRiZ,jazz,track,2020
Jazz Coffee Vibes,Tom Misch,jazz,track,2020
Kissed by the Sun,Melody Gardot,jazz,track,2020
Jazz Muy Lento,Kris Bowers,jazz,track,2020
Can't Sleep,Dan Kye,jazz,track,2020
Soft Jazz Cafe,John Coltrane,jazz,track,2020
Time,Alabaster DePlume,jazz,track,2020
Day Trip out,Ergo Montserrat,jazz,track,2020
Jazz Morning Playlist Music,Lennie Tristano,jazz,track,2020
Back to Black,Miramare,jazz,track,2020
Thanks,Kim Waters,jazz,track,2020
Backyards,Boney James,jazz,track,2020
A Hint Of Cinnamon,Kris Bowers,jazz,track,2020
Amor Arrayano,Plini,jazz,track,2020
All For Me,Oscar Peterson,jazz,track,2020
Hoping for Your Love,Ebi Soda,jazz,track,2020
Reminiscing,Underground Canopy,jazz,track,2020
Nanana,Dan Evans-Parker,jazz,track,2020
One For,Kris Bowers,jazz,track,2020
Dead End,Carol Albert,jazz,track,2020
The Night I Met You,Otesla,jazz,track,2020
The Tide is High,Ill Considered,jazz,track,2020
I Don't Know,Konteks,jazz,track,2020
April In Paris,Vincent Ingala,jazz,track,2020
Hurts to Be in Love,Oscar Peterson Trio,jazz,track,2020
Take A Walk To The Library,Nick Colionne,jazz,track,2020
Trigger Happy Police,Mangrove Yeltsin,jazz,track,2020
In Here.,paris91,jazz,track,2020
Early Morning Jazz,Alex Parchment,jazz,track,2020
Stronger Magic,Flatland Park,jazz,track,2020
Contour.,Norah Jones,jazz,track,2020
Fargo,The Sweetgreens,jazz,track,2020
Look at You,Johnny Hodges,jazz,track,2020
The Weekend,The Colours That Rise,jazz,track,2020
It’s Better For You,Ragan Whiteside,jazz,track,2020
Fast Cat,Underground Canopy,jazz,track,2020
Drunk,Emapea,jazz,track,2020
Crepescule - Interlude,Kris Bowers,jazz,track,2020
Studying Music Vibes,The Myth of the Turtle,jazz,track,2020
Jazz Instrumental Vibes,Ken Navarro,jazz,track,2020
Bustin’ Out,Pigeondust,jazz,track,2020
Just in Time,Doris Day,jazz,track,2020
This Simulation Is A Good One,Kris Bowers,jazz,track,2020
Taking It Easy,Ergo Montserrat,jazz,track,2020
Si tu vois ma mère,Oli Silk,jazz,track,2020
When Birds Fly to South,The Myth of the Turtle,jazz,track,2020
It's a Blue World,Mangrove Yeltsin,jazz,track,2020
Country & Western,Emapea,jazz,track,2020
Bare Branches,Robert Glasper,jazz,track,2020
You Must Believe In Spring,Nick Colionne,jazz,track,2020
Just A Little Bit,"Chris ""Big Dog"" Davis",jazz,track,2020
Jazz Coffee Vibes,Holborns,jazz,track,2020
Kissed by the Sun,Chris Standring,jazz,track,2020
Jazz Muy Lento,Midtown Trio,jazz,track,2020
Can't Sleep,Bladverk Band,jazz,track,2020
Soft Jazz Cafe,The Myth of the Turtle,jazz,track,2020
Time,Norman Brown,jazz,track,2020
Day Trip out,Tom Misch,jazz,track,2020
Jazz Morning Playlist Music,The Myth of the Turtle,jazz,track,2020
Back to Black,Kris Bowers,jazz,track,2020
Thanks,Skinny Hightower,jazz,track,2020
Backyards,yeyts.,jazz,track,2020
A Hint Of Cinnamon,Anita Rosswell,jazz,track,2020
Amor Arrayano,Phil Denny,jazz,track,2020
All For Me,Ergo Montserrat,jazz,track,2020
Hoping for Your Love,Kris Bowers,jazz,track,2020
Reminiscing,Eve St. Jones,jazz,track,2020
Nanana,Lin Rountree,jazz,track,2020
One For,Kris Bowers,jazz,track,2020
Dead End,Gerald Albright,jazz,track,2020
The Night I Met You,Boozoo Bajou,jazz,track,2020
The Tide is High,yeyts.,jazz,track,2020
I Don't Know,Norah Jones,jazz,track,2020
April In Paris,Chaos In The CBD,jazz,track,2020
Hurts to Be in Love,Athletic Progression,jazz,track,2020
Take A Walk To The Library,Red Brick Lane,jazz,track,2020
Trigger Happy Police,Darren Rahn,jazz,track,2020
In Here.,Ryan Montano,jazz,track,2020
Early Morning Jazz,Kuipers & Winter,jazz,track,2020
Stronger Magic,Fulton Street Players,jazz,track,2020
Contour.,Deca,jazz,track,2020
Fargo,Serenity State of Mind,jazz,track,2020
Look at You,Ergo Montserrat,jazz,track,2020
The Weekend,The Myth of the Turtle,jazz,track,2020
It’s Better For You,The Pharcyde,jazz,track,2020
Fast Cat,Pigeondust,jazz,track,2020
Drunk,Eli Starr Trio,jazz,track,2020
Crepescule - Interlude,Brian Simpson,jazz,track,2020
Studying Music Vibes,Carl Bagge Trio,jazz,track,2020
Jazz Instrumental Vibes,Randy Scott,jazz,track,2020
Bustin’ Out,Dea Sancta,jazz,track,2020
Just in Time,Godfather Don,jazz,track,2020
This Simulation Is A Good One,Athletic Progression,jazz,track,2020
Taking It Easy,Adam Hawley,jazz,track,2020
Si tu vois ma mère,Mangrove Yeltsin,jazz,track,2020
When Birds Fly to South,Michael J Thomas,jazz,track,2020
It's a Blue World,Ennio Máno,jazz,track,2020
Country & Western,yeyts.,jazz,track,2020
Bare Branches,Kris Bowers,jazz,track,2020
You Must Believe In Spring,Jeff Laine & Co,jazz,track,2020
Just A Little Bit,Freddie Fox,jazz,track,2020
Jazz Coffee Vibes,Hudson Harris & Haim,jazz,track,2020
Kissed by the Sun,Brian Simpson,jazz,track,2020
Jazz Muy Lento,Sparrow & Bird,jazz,track,2020
Can't Sleep,KTZ Players,jazz,track,2020
Soft Jazz Cafe,Kamasi Washington,jazz,track,2020
Time,Diana Krall,jazz,track,2020
Day Trip out,yeyts.,jazz,track,2020
Jazz Morning Playlist Music,Dee Lucas,jazz,track,2020
Back to Black,Tony DeSare,jazz,track,2020
Thanks,Tom Misch,jazz,track,2020
Backyards,Tony Saunders,jazz,track,2020
A Hint Of Cinnamon,CrazyJaZz,jazz,track,2020
Amor Arrayano,Kuipers & Winter,jazz,track,2020
All For Me,Holborns,jazz,track,2020
Hoping for Your Love,Oilix,jazz,track,2020
Reminiscing,Vintage Emporium,jazz,track,2020
Nanana,Yoni Mayraz,jazz,track,2020
One For,Immanuel Wilkins,jazz,track,2020
Dead End,Mangrove Yeltsin,jazz,track,2020
The Night I Met You,Ergo Montserrat,jazz,track,2020
The Tide is High,Mandevilla,jazz,track,2020
I Don't Know,The Myth of the Turtle,jazz,track,2020
April In Paris,Norah Jones,jazz,track,2020
Hurts to Be in Love,Yazmin Lacey,jazz,track,2020
Take A Walk To The Library,Hudson Harris & Haim,jazz,track,2020
Trigger Happy Police,The Smooth Jazz Alley,jazz,track,2020
In Here.,Melody Gardot,jazz,track,2020
Early Morning Jazz,Boney James,jazz,track,2020
Stronger Magic,GRiZ,jazz,track,2020
Contour.,Asako Toki,jazz,track,2020
Fargo,Bibi Tanga & The Selenites,jazz,track,2020
Look at You,The Myth of the Turtle,jazz,track,2020
The Weekend,Tom Misch,jazz,track,2020
It’s Better For You,The Sweetgreens,jazz,track,2020
Fast Cat,Michael Wollny,jazz,track,2020
Drunk,Alabaster DePlume,jazz,track,2020
Crepescule - Interlude,Athletic Progression,jazz,track,2020
Studying Music Vibes,Gathering in Jazz,jazz,track,2020
Jazz Instrumental Vibes,Hara Noda,jazz,track,2020
Bustin’ Out,TIA RAY,jazz,track,2020
Just in Time,Dea Sancta,jazz,track,2020
This Simulation Is A Good One,Simply Coffeehouse,jazz,track,2020
Taking It Easy,Zander Jazz Trio,jazz,track,2020
Si tu vois ma mère,Thelonious Coltrane,jazz,track,2020
When Birds Fly to South,Louis Silva Band,jazz,track,2020
It's a Blue World,gum.mp3,jazz,track,2020
Country & Western,Magpie Jazz Trio,jazz,track,2020
Bare Branches,Burt Mitchell,jazz,track,2020
You Must Believe In Spring,Plini,jazz,track,2020
Just A Little Bit,Melody Gardot,jazz,track,2020
Jazz Coffee Vibes,CMC 3,jazz,track,2020
Kissed by the Sun,Skinny Hightower,jazz,track,2020
Jazz Muy Lento,Greg Manning,jazz,track,2020
Can't Sleep,Tom Misch,jazz,track,2020
Soft Jazz Cafe,Plini,jazz,track,2020
Time,Ibrahim Maalouf,jazz,track,2020
Day Trip out,Tom Misch,jazz,track,2020
Jazz Morning Playlist Music,Red Brick Lane,jazz,track,2020
Back to Black,GRiZ,jazz,track,2020
Thanks,Art Blakey & The Jazz Messengers,jazz,track,2020
Backyards,Anja Lechner,jazz,track,2020
A Hint Of Cinnamon,GRiZ,jazz,track,2020
Amor Arrayano,Jørgen Emborg,jazz,track,2020
All For Me,Athletic Progression,jazz,track,2020
Hoping for Your Love,Deca,jazz,track,2020
Reminiscing,The Myth of the Turtle,jazz,track,2020
Nanana,Athletic Progression,jazz,track,2020
One For,Cafe Music BGM channel,jazz,track,2020
Dead End,Kokoroko,jazz,track,2020
The Night I Met You,Hudson Harris & Haim,jazz,track,2020
The Tide is High,Dirty Loops,jazz,track,2020
I Don't Know,Reese Quartet,jazz,track,2020
April In Paris,Arne Torvik Trio,jazz,track,2020
Hurts to Be in Love,KTZ Players,jazz,track,2020
Take A Walk To The Library,yeyts.,jazz,track,2020
Trigger Happy Police,Sweet Nothings Band,jazz,track,2020
In Here.,Underground Canopy,jazz,track,2020
Early Morning Jazz,The Myth of the Turtle,jazz,track,2020
Stronger Magic,Wildcookie,jazz,track,2020
Contour.,Martha Tilton,jazz,track,2020
Fargo,Jonah Jones,jazz,track,2020
Look at You,Lauren Richardson,jazz,track,2020
The Weekend,Konteks,jazz,track,2020
It’s Better For You,Shakatak,jazz,track,2020
Fast Cat,Massimo Faraò,jazz,track,2020
Drunk,Stiff Cat Steve,jazz,track,2020
Crepescule - Interlude,Chinese Man,jazz,track,2020
Studying Music Vibes,Walter Smith III,jazz,track,2020
Jazz Instrumental Vibes,CMC 3,jazz,track,2020
Bustin’ Out,Mary Lattimore,jazz,track,2020
Just in Time,Carsten Dahl,jazz,track,2020
This Simulation Is A Good One,Parov Stelar,jazz,track,2020
Taking It Easy,BADBADNOTGOOD,jazz,track,2020
Si tu vois ma mère,Greydon Park Band,jazz,track,2020
When Birds Fly to South,Trois Amis,jazz,track,2020
It's a Blue World,Anja Lechner,jazz,track,2020
Country & Western,Tom Misch,jazz,track,2020
Bare Branches,Peggy Lee,jazz,track,2020
You Must Believe In Spring,Oilix,jazz,track,2020
Just A Little Bit,Jeremy Pelt,jazz,track,2020
Jazz Coffee Vibes,Azymuth,jazz,track,2020
Kissed by the Sun,Coffeehouse BGM Station,jazz,track,2020
Jazz Muy Lento,Magpie Jazz Trio,jazz,track,2020
Can't Sleep,Barry Can't Swim,jazz,track,2020
Soft Jazz Cafe,Espen Eriksen Trio,jazz,track,2020
Time,Athletic Progression,jazz,track,2020
Day Trip out,Silvana Estrada,jazz,track,2020
Jazz Morning Playlist Music,Cory Henry,jazz,track,2020
Back to Black,Jack Gardiner,jazz,track,2020
Thanks,Holborns,jazz,track,2020
Backyards,GRiZ,jazz,track,2020
A Hint Of Cinnamon,110th Street Jazz Trio,jazz,track,2020
Amor Arrayano,Art Blakey & The Jazz Messengers,jazz,track,2020
All For Me,John Coltrane,jazz,track,2020
Hoping for Your Love,Flatland Park,jazz,track,2020
Reminiscing,Pigeondust,jazz,track,2020
Nanana,Shierro,jazz,track,2020
One For,Dan Kye,jazz,track,2020
Dead End,Edward Simon,jazz,track,2020
The Night I Met You,Konteks,jazz,track,2020
The Tide is High,Anja Lechner,jazz,track,2020
I Don't Know,Tom Misch,jazz,track,2020
April In Paris,Ituana,jazz,track,2020
Hurts to Be in Love,Dave Brubeck,jazz,track,2020
Take A Walk To The Library,Massimo Faraò,jazz,track,2020
Trigger Happy Police,Ambrose Akinmusire,jazz,track,2020
In Here.,iwamizu,jazz,track,2020
Early Morning Jazz,Alabaster DePlume,jazz,track,2020
Stronger Magic,Tom Misch,jazz,track,2020
Contour.,Greg Spero,jazz,track,2020
Fargo,KTZ Players,jazz,track,2020
Look at You,Bonobo,jazz,track,2020
The Weekend,Jitwam,jazz,track,2020
It’s Better For You,Melody Gardot,jazz,track,2020
Fast Cat,Fulton Street Players,jazz,track,2020
Drunk,Spaze Windu,jazz,track,2020
Crepescule - Interlude,Gregory Porter,jazz,track,2020
Studying Music Vibes,Lydia Baskow Trio,jazz,track,2020
Jazz Instrumental Vibes,Dee Brown,jazz,track,2020
Bustin’ Out,Long Island Quartet,jazz,track,2020
Just in Time,Boney James,jazz,track,2020
This Simulation Is A Good One,GRiZ,jazz,track,2020
Taking It Easy,Michel Portal,jazz,track,2020
Si tu vois ma mère,Jon Batiste,jazz,track,2020
When Birds Fly to South,Folamour,jazz,track,2020
It's a Blue World,Oilix,jazz,track,2020
Country & Western,Stiff Cat Steve,jazz,track,2020
Bare Branches,Michael Bublé,jazz,track,2020
You Must Believe In Spring,Alfa Mist,jazz,track,2020
Just A Little Bit,Chad Lefkowitz-Brown,jazz,track,2020
Jazz Coffee Vibes,Konteks,jazz,track,2020
Kissed by the Sun,Dea Sancta,jazz,track,2020
Jazz Muy Lento,Massimo Faraò,jazz,track,2020
Can't Sleep,Ron Miles,jazz,track,2020
Soft Jazz Cafe,Rufio Patio,jazz,track,2020
Time,igory,jazz,track,2020
Day Trip out,Oscar Peterson,jazz,track,2020
Jazz Morning Playlist Music,Trois Amis,jazz,track,2020
Back to Black,Boney James,jazz,track,2020
Thanks,Robert Glasper,jazz,track,2020
Backyards,Svaneborg Kardyb,jazz,track,2020
A Hint Of Cinnamon,Underground Canopy,jazz,track,2020
Amor Arrayano,Groove Da Praia,jazz,track,2020
All For Me,Red Rose Jazz Trio,jazz,track,2020
Hoping for Your Love,CrazyJaZz,jazz,track,2020
Reminiscing,Jon Batiste,jazz,track,2020
Nanana,Gillian Spencer Trio,jazz,track,2020
One For,Oli Silk,jazz,track,2020
Dead End,Jon Batiste,jazz,track,2020
The Night I Met You,Baptiste Herbin,jazz,track,2020
The Tide is High,Dea Sancta,jazz,track,2020
I Don't Know,Vernon Sanders,jazz,track,2020
April In Paris,SamuW,jazz,track,2020
Hurts to Be in Love,Enrico Pieranunzi,jazz,track,2020
Take A Walk To The Library,Four80East,jazz,track,2020
Trigger Happy Police,BimBomBam Orchestra,jazz,track,2020
In Here.,Dan Evans-Parker,jazz,track,2020
Early Morning Jazz,Juraj Stanik Trio,jazz,track,2020
Stronger Magic,Jack Gardiner,jazz,track,2020
Contour.,Tom Misch,jazz,track,2020
Fargo,Butcher Brown,jazz,track,2020
Look at You,Siimbiie Lakew,jazz,track,2020
The Weekend,Mangrove Yeltsin,jazz,track,2020
It’s Better For You,Underground Canopy,jazz,track,2020
Fast Cat,Diana Krall,jazz,track,2020
Drunk,Navy Blue,jazz,track,2020
Crepescule - Interlude,Self-Isolation Coffeehouse,jazz,track,2020
Studying Music Vibes,Astoria Three,jazz,track,2020
Jazz Instrumental Vibes,Jamie Lancaster,jazz,track,2020
Bustin’ Out,RINZ.,jazz,track,2020
Just in Time,Måns & Dotter,jazz,track,2020
This Simulation Is A Good One,Jazz Holdouts,jazz,track,2020
Taking It Easy,Tour-Maubourg,jazz,track,2020
Si tu vois ma mère,Nenei,jazz,track,2020
When Birds Fly to South,Night and Day Trio,jazz,track,2020
It's a Blue World,Deca,jazz,track,2020
Country & Western,Ben & Katsy,jazz,track,2020
Bare Branches,Juraj Stanik Trio,jazz,track,2020
You Must Believe In Spring,Ellen Andrea Wang,jazz,track,2020
Just A Little Bit,Katashi Kaitō,jazz,track,2020
Jazz Coffee Vibes,RINZ.,jazz,track,2020
Kissed by the Sun,GRiZ,jazz,track,2020
Jazz Muy Lento,Moonspatz,jazz,track,2020
Can't Sleep,Caravan Palace,jazz,track,2020
Soft Jazz Cafe,Felipe Gordon,jazz,track,2020
Time,Colin Stetson,jazz,track,2020
Day Trip out,Jack Gardiner,jazz,track,2020
Jazz Morning Playlist Music,ichikoro,jazz,track,2020
Back to Black,Ituana,jazz,track,2020
Thanks,Plini,jazz,track,2020
Backyards,Living Room,jazz,track,2020
A Hint Of Cinnamon,Mary Lattimore,jazz,track,2020
Amor Arrayano,Plini,jazz,track,2020
All For Me,Angelina Jordan,jazz,track,2020
Hoping for Your Love,South West Cafe Trio,jazz,track,2020
Reminiscing,Waxamilion,jazz,track,2020
Nanana,Sparrow & Bird,jazz,track,2020
One For,Diana Krall,jazz,track,2020
Dead End,GRiZ,jazz,track,2020
The Night I Met You,Bladverk Band,jazz,track,2020
The Tide is High,Greydon Park Band,jazz,track,2020
I Don't Know,Gregory Porter,jazz,track,2020
April In Paris,Turning Trio,jazz,track,2020
Hurts to Be in Love,Mandevilla,jazz,track,2020
Take A Walk To The Library,Boozoo Bajou,jazz,track,2020
Trigger Happy Police,Jamie Lancaster,jazz,track,2020
In Here.,Dave Brubeck,jazz,track,2020
Early Morning Jazz,KTZ Players,jazz,track,2020
Stronger Magic,Ennio Máno,jazz,track,2020
Contour.,Ardhito Pramono,jazz,track,2020
Fargo,Soul Wun,jazz,track,2020
Look at You,Athletic Progression,jazz,track,2020
The Weekend,Tom Stills Quartet,jazz,track,2020
It’s Better For You,Potatohead People,jazz,track,2020
Fast Cat,Athletic Progression,jazz,track,2020
Drunk,Mansur Brown,jazz,track,2020
Crepescule - Interlude,PYJÆN,jazz,track,2020
Studying Music Vibes,GRiZ,jazz,track,2020
Jazz Instrumental Vibes,The Jazz Cultivators,jazz,track,2020
Bustin’ Out,Snazzback,jazz,track,2020
Just in Time,Stefania Tallini,jazz,track,2020
This Simulation Is A Good One,"Dave ""Baby"" Cortez",jazz,track,2020
Taking It Easy,Plini,jazz,track,2020
Si tu vois ma mère,Mvdk,jazz,track,2020
When Birds Fly to South,Kaspa.,jazz,track,2020
It's a Blue World,Greydon Park Band,jazz,track,2020
Country & Western,Siimbiie Lakew,jazz,track,2020
Bare Branches,Chaos In The CBD,jazz,track,2020
You Must Believe In Spring,Waxamilion,jazz,track,2020
Just A Little Bit,Tony DeSare,jazz,track,2020
Jazz Coffee Vibes,Massimo Faraò,jazz,track,2020
Kissed by the Sun,Stephane Wrembel,jazz,track,2020
Jazz Muy Lento,Plini,jazz,track,2020
Can't Sleep,Oscar Peterson Trio,jazz,track,2020
Soft Jazz Cafe,FloFilz,jazz,track,2020
Time,Charlie Wilder Band,jazz,track,2020
Day Trip out,GRiZ,jazz,track,2020
Jazz Morning Playlist Music,Cafe Music BGM channel,jazz,track,2020
Back to Black,Jon Batiste,jazz,track,2020
Thanks,Olepash,jazz,track,2020
Backyards,Gathering in Jazz,jazz,track,2020
A Hint Of Cinnamon,Marcos Caixa,jazz,track,2020
Amor Arrayano,The Andy Love Band,jazz,track,2020
All For Me,GRiZ,jazz,track,2020
Hoping for Your Love,The Molsbees,jazz,track,2020
Reminiscing,We Three Trio,jazz,track,2020
Nanana,Simply Coffeehouse,jazz,track,2020
One For,Waxamilion,jazz,track,2020
Dead End,Quantic,jazz,track,2020
The Night I Met You,Kamaal Williams,jazz,track,2020
The Tide is High,Scott Bradlee's Postmodern Jukebox,jazz,track,2020
I Don't Know,GRiZ,jazz,track,2020
April In Paris,Potatohead People,jazz,track,2020
Hurts to Be in Love,Shalosh,jazz,track,2020
Take A Walk To The Library,UWS Jazz Trio,jazz,track,2020
Trigger Happy Police,n o r m a l,jazz,track,2020
In Here.,Deca,jazz,track,2020
Early Morning Jazz,Emma-Jean Thackray,jazz,track,2020
Stronger Magic,Dea Sancta,jazz,track,2020
Contour.,Melody Gardot,jazz,track,2020
Fargo,Tommy Emmanuel,jazz,track,2020
Look at You,Boney James,jazz,track,2020
The Weekend,Yussef Dayes,jazz,track,2020
It’s Better For You,Melody Gardot,jazz,track,2020
Fast Cat,Red Rose Jazz Trio,jazz,track,2020
Drunk,Burt Mitchell,jazz,track,2020
Crepescule - Interlude,GRiZ,jazz,track,2020
Studying Music Vibes,Sam Butera,jazz,track,2020
Jazz Instrumental Vibes,Melody Gardot,jazz,track,2020
Bustin’ Out,Johnny Smith,jazz,track,2020
Just in Time,Michael Stylez & Co,jazz,track,2020
This Simulation Is A Good One,Tom Misch,jazz,track,2020
Taking It Easy,Kista,jazz,track,2020
Si tu vois ma mère,Zander Jazz Trio,jazz,track,2020
When Birds Fly to South,Back Room Jazz Trio,jazz,track,2020
It's a Blue World,Brian Culbertson,jazz,track,2020
Country & Western,Caravan Palace,jazz,track,2020
Bare Branches,Melody Gardot,jazz,track,2020
You Must Believe In Spring,Red Stairs Jazz Quartet,jazz,track,2020
Just A Little Bit,Krister & Dalbani,jazz,track,2020
Jazz Coffee Vibes,Green Trio,jazz,track,2020
Kissed by the Sun,GRiZ,jazz,track,2020
Jazz Muy Lento,Clap Cotton,jazz,track,2020
Can't Sleep,Gregory Porter,jazz,track,2020
Soft Jazz Cafe,Jeff Beck,jazz,track,2020
Time,Shierro,jazz,track,2020
Day Trip out,Dirty Loops,jazz,track,2020
Jazz Morning Playlist Music,Chattanooga Trio,jazz,track,2020
Back to Black,TIA RAY,jazz,track,2020
Thanks,Louis Silva Band,jazz,track,2020
Backyards,Robert Glasper,jazz,track,2020
A Hint Of Cinnamon,Olepash,jazz,track,2020
Amor Arrayano,gum.mp3,jazz,track,2020
All For Me,Bobby Dreamz BIG,jazz,track,2020
Hoping for Your Love,Plini,jazz,track,2020
Reminiscing,Felix Martin,jazz,track,2020
Nanana,Hailey Tuck,jazz,track,2020
One For,Olepash,jazz,track,2020
Dead End,Jon Batiste,jazz,track,2020
The Night I Met You,Otis Redding,jazz,track,2020
The Tide is High,FRANZ,jazz,track,2020
I Don't Know,Joan Chamorro,jazz,track,2020
April In Paris,Barney Kessel,jazz,track,2020
Hurts to Be in Love,Shierro,jazz,track,2020
Take A Walk To The Library,Ella Fitzgerald,jazz,track,2020
Trigger Happy Police,The Sorcerers,jazz,track,2020
In Here.,Jazz Holdouts,jazz,track,2020
Early Morning Jazz,Dan Evans-Parker,jazz,track,2020
Stronger Magic,Nina Simone,jazz,track,2020
Contour.,Hailey Tuck,jazz,track,2020
Fargo,Light Hands Trio,jazz,track,2020
Look at You,Vincent Ingala,jazz,track,2020
The Weekend,BADBADNOTGOOD,jazz,track,2020
It’s Better For You,Svaneborg Kardyb,jazz,track,2020
Fast Cat,Yazmin Lacey,jazz,track,2020
Drunk,Robert Glasper,jazz,track,2020
Crepescule - Interlude,Daniel Ögren,jazz,track,2020
Studying Music Vibes,Robert Glasper,jazz,track,2020
Jazz Instrumental Vibes,Henning Witsell,jazz,track,2020
Bustin’ Out,Robert Elovsson Quartet,jazz,track,2020
Just in Time,Dorian Concept,jazz,track,2020
This Simulation Is A Good One,Tom Bates,jazz,track,2020
Taking It Easy,Joonie,jazz,track,2020
Si tu vois ma mère,DJ Ryow a.k.a. Smooth Current,jazz,track,2020
When Birds Fly to South,Kat Edmonson,jazz,track,2020
It's a Blue World,Tom Misch,jazz,track,2020
Country & Western,Sam Cooke,jazz,track,2020
Bare Branches,toconoma,jazz,track,2020
You Must Believe In Spring,Aphrow,jazz,track,2020
Just A Little Bit,Mangrove Yeltsin,jazz,track,2020
Jazz Coffee Vibes,Michel Portal,jazz,track,2020
Kissed by the Sun,Tate Jackson Trio,jazz,track,2020
Jazz Muy Lento,GRiZ,jazz,track,2020
Can't Sleep,Hailu Mergia,jazz,track,2020
Soft Jazz Cafe,PENPALS,jazz,track,2020
Time,Diana Krall,jazz,track,2020
Day Trip out,Potatohead People,jazz,track,2020
Jazz Morning Playlist Music,Till Brönner,jazz,track,2020
Back to Black,Carol Albert,jazz,track,2020
Thanks,Aretha Franklin,jazz,track,2020
Backyards,Anthony Lazaro,jazz,track,2020
A Hint Of Cinnamon,Retromigration,jazz,track,2020
Amor Arrayano,Bonobo,jazz,track,2020
All For Me,We Three Trio,jazz,track,2020
Hoping for Your Love,Matt Dusk,jazz,track,2020
Reminiscing,Huw Marc Bennett,jazz,track,2020
Nanana,Taylor McFerrin,jazz,track,2020
One For,gum.mp3,jazz,track,2020
Dead End,Brian Simpson,jazz,track,2020
The Night I Met You,Shierro,jazz,track,2020
The Tide is High,Sylvia Telles,jazz,track,2020
I Don't Know,Vernon Sanders,jazz,track,2020
April In Paris,fox capture plan,jazz,track,2020
Hurts to Be in Love,Laurindo Almeida,jazz,track,2020
Take A Walk To The Library,Wolfgang Muthspiel,jazz,track,2020
Trigger Happy Police,Daniel Ögren,jazz,track,2020
In Here.,Måns & Dotter,jazz,track,2020
Early Morning Jazz,Hollbeck,jazz,track,2020
Stronger Magic,Kahil El'Zabar,jazz,track,2020
Contour.,Thomas Fonnesbæk,jazz,track,2020
Fargo,Shierro,jazz,track,2020
Look at You,Wildflower Trio,jazz,track,2020
The Weekend,Victoria,jazz,track,2020
